horizon,day,n,n_distinct_prob,top1_prob,top1_count,top3_share,acc,up_share,hc_n,hc_acc,collapsed
1d,2026-07-23,330,17,0.37555741360089184,157,0.7364,0.4121,0.6,61,0.3607,1
1d,2026-07-24,7,7,0.3490582075343398,1,0.4286,0.2857,1.0,4,0.25,0
1d,2026-07-25,7,4,0.3730872794800371,3,0.8571,1.0,0.0,1,1.0,0
1d,2026-07-26,330,8,0.5111952012557461,302,0.9758,0.4879,0.4879,0,0.0,1
1d,2026-07-27,330,8,0.48633010603964977,160,0.9333,0.5576,0.3364,0,0.0,1
1d,2026-07-28,328,14,0.4436040572095739,177,0.8018,0.372,0.625,1,1.0,1
1d,2026-07-30,328,6,0.46347420417124036,289,0.9817,0.3445,0.6982,4,0.75,1
1d,2026-07-31,7,1,0.443212459321246,7,1.0,0.0,1.0,0,0.0,0
1d,2026-08-01,7,2,0.46347420417124036,6,1.0,1.0,0.1429,0,0.0,0
1d,2026-08-02,328,9,0.5895084485407066,148,0.7988,0.5579,0.747,56,0.4821,1
1d,2026-08-03,330,19,0.6752539062500001,117,0.6727,0.4424,0.4455,310,0.4581,1
1d,2026-08-04,327,324,0.8554631170271769,4,0.0183,0.4679,0.3884,29,0.5172,0
1d,2026-08-05,327,326,0.4814057716505963,2,0.0122,0.3517,0.6575,0,0.0,0
1d,2026-08-06,43,43,0.48166752155568604,1,0.0698,0.5814,0.4186,0,0.0,0
1d,2026-08-07,2,2,0.5093610145488908,1,1.0,0.5,0.0,0,0.0,0
1d,2026-08-09,23,23,0.4873358923945123,1,0.1304,0.3043,0.6957,0,0.0,0
1d,2026-08-10,66,66,0.4615703046706021,1,0.0455,0.697,0.3182,0,0.0,0
1d,2026-08-11,63,63,0.46471682753407945,1,0.0476,0.4762,0.4921,0,0.0,0
1d,2026-08-12,21,21,0.47954436123146543,1,0.1429,0.6667,0.3333,0,0.0,0
1d,2026-08-13,20,20,0.47888087622418024,1,0.15,0.7,0.3,0,0.0,0
1d,2026-08-16,36,36,0.5233666741648261,1,0.0833,0.5556,0.3333,0,0.0,0
1d,2026-08-17,111,111,0.48804664059734143,1,0.027,0.4234,0.5766,1,0.0,0
1d,2026-08-18,23,23,0.42998376845517566,1,0.1304,0.4783,0.5217,0,0.0,0
1d,2026-08-19,22,22,0.47635510151949406,1,0.1364,0.4545,0.5455,0,0.0,0
1d,2026-08-20,96,96,0.48634157033215714,1,0.0312,0.4479,0.5625,0,0.0,0
1d,2026-08-23,5,5,0.48634157033215714,1,0.6,0.0,1.0,0,0.0,0
1d,2026-08-27,31,31,0.4805667781433731,1,0.0968,0.5161,0.4839,0,0.0,0
1d,2026-08-30,30,30,0.49282604953442216,1,0.1,0.6667,0.2667,0,0.0,0
1d,2026-08-31,35,35,0.47808270393741714,1,0.0857,0.4571,0.5714,0,0.0,0
1d,2026-09-01,31,31,0.493387302849961,1,0.0968,0.5161,0.5161,0,0.0,0
1d,2026-09-07,7,4,0.4772454961222698,3,0.8571,0.8571,0.1429,0,0.0,0
1d#pm,2026-07-26,330,1,1.0,330,1.0,0.4879,0.4879,330,0.4879,1
1d#pm,2026-07-27,330,1,1.0,330,1.0,0.3364,0.3364,330,0.3364,1
1d#pm,2026-07-28,328,1,1.0,328,1.0,0.625,0.625,328,0.625,1
1d#pm,2026-07-30,328,1,1.0,328,1.0,0.6982,0.6982,328,0.6982,1
1d#pm,2026-07-31,7,1,1.0,7,1.0,1.0,1.0,7,1.0,0
1d#pm,2026-08-01,7,1,1.0,7,1.0,0.1429,0.1429,7,0.1429,0
1d#pm,2026-08-02,328,1,1.0,328,1.0,0.747,0.747,328,0.747,1
1d#pm,2026-08-03,330,1,1.0,330,1.0,0.4455,0.4455,330,0.4455,1
1d#pm,2026-08-04,327,1,1.0,327,1.0,0.3884,0.3884,327,0.3884,1
1d#pm,2026-08-05,327,1,1.0,327,1.0,0.6575,0.6575,327,0.6575,1
1d#pm,2026-08-06,43,1,1.0,43,1.0,0.4186,0.4186,43,0.4186,1
1d#pm,2026-08-07,2,1,1.0,2,1.0,0.0,0.0,2,0.0,0
1d#pm,2026-08-09,23,1,1.0,23,1.0,0.6957,0.6957,23,0.6957,0
1d#pm,2026-08-10,66,1,1.0,66,1.0,0.3182,0.3182,66,0.3182,1
1d#pm,2026-08-11,63,1,1.0,63,1.0,0.4921,0.4921,63,0.4921,1
1d#pm,2026-08-12,21,1,1.0,21,1.0,0.3333,0.3333,21,0.3333,0
1d#pm,2026-08-13,20,1,1.0,20,1.0,0.3,0.3,20,0.3,0
1d#pm,2026-08-16,36,1,1.0,36,1.0,0.3333,0.3333,36,0.3333,1
1d#pm,2026-08-17,111,1,1.0,111,1.0,0.5766,0.5766,111,0.5766,1
1d#pm,2026-08-18,23,1,1.0,23,1.0,0.5217,0.5217,23,0.5217,0
1d#pm,2026-08-19,22,1,1.0,22,1.0,0.5455,0.5455,22,0.5455,0
1d#pm,2026-08-20,96,1,1.0,96,1.0,0.5625,0.5625,96,0.5625,1
1d#pm,2026-08-23,5,1,1.0,5,1.0,1.0,1.0,5,1.0,0
1d#pm,2026-08-27,31,1,1.0,31,1.0,0.4839,0.4839,31,0.4839,1
1d#pm,2026-08-30,30,1,1.0,30,1.0,0.2667,0.2667,30,0.2667,1
1d#pm,2026-08-31,35,1,1.0,35,1.0,0.5714,0.5714,35,0.5714,1
1d#pm,2026-09-01,31,1,1.0,31,1.0,0.5161,0.5161,31,0.5161,1
1d#pm,2026-09-07,7,1,1.0,7,1.0,0.1429,0.1429,7,0.1429,0
1w,2026-07-23,326,10,0.4168525179856114,173,0.862,0.4847,0.5184,23,0.4348,1
1w,2026-07-24,7,6,0.75,2,0.5714,0.5714,0.1429,3,0.3333,0
1w,2026-07-25,7,2,0.4168525179856114,6,1.0,0.8571,0.1429,0,0.0,0
1w,2026-07-26,326,7,0.4168525179856114,182,0.8589,0.4294,0.5736,19,0.3684,1
1w,2026-07-27,328,16,0.4168525179856114,174,0.7927,0.3262,0.6738,15,0.3333,1
1w,2026-07-28,327,25,0.44323854091672665,132,0.5994,0.3761,0.6942,45,0.4444,1
1w,2026-07-30,328,14,0.34814373297002726,135,0.8049,0.2713,0.7287,176,0.3068,1
1w,2026-07-31,7,2,0.40495899538698105,5,1.0,0.1429,0.8571,0,0.0,0
1w,2026-08-01,7,2,0.33032594086021494,5,1.0,0.4286,0.5714,7,0.4286,0
1w,2026-08-02,328,10,0.3508711600183401,141,0.8506,0.2866,0.7134,59,0.322,1
1w,2026-08-03,717,375,0.5171188995666102,167,0.4059,0.5063,0.477,22,0.5,0
1w,2026-08-04,327,326,0.468119665272531,2,0.0122,0.4159,0.5872,0,0.0,0
1w,2026-08-05,330,329,0.53916905743355,2,0.0121,0.5939,0.6788,8,0.625,0
1w,2026-08-06,332,310,0.4448934597490549,4,0.0241,0.506,0.5753,20,0.45,0
1w,2026-08-07,7,7,0.44073231635970217,1,0.4286,0.8571,0.1429,1,1.0,0
1w,2026-08-08,7,7,0.3637640894551061,1,0.4286,0.7143,0.2857,1,1.0,0
1w,2026-08-09,329,300,0.38833234161042735,4,0.0365,0.5289,0.5684,47,0.5532,0
1w,2026-08-10,406,354,0.3897740311160134,10,0.0517,0.4901,0.4532,67,0.4925,0
1w,2026-08-11,647,568,0.4764998031585665,6,0.0263,0.51,0.4961,17,0.5294,0
1w,2026-08-12,73,73,0.37801572895416485,1,0.0411,0.4521,0.3973,23,0.4783,0
1w,2026-08-13,66,66,0.6728399206429185,1,0.0455,0.5152,0.4242,20,0.45,0
1w,2026-08-14,1,1,0.511892020721381,1,1.0,1.0,1.0,0,0.0,0
1w,2026-08-16,65,65,0.32332944835824484,1,0.0462,0.4923,0.5231,22,0.4091,0
1w,2026-08-17,235,235,0.5143152867669624,1,0.0128,0.4638,0.5532,75,0.4667,0
1w,2026-08-18,60,60,0.680846246369682,1,0.05,0.5667,0.4833,18,0.5,0
1w,2026-08-19,62,62,0.3889039144586667,1,0.0484,0.4677,0.5,21,0.4762,0
1w,2026-08-20,232,232,0.8141017777907946,1,0.0129,0.4784,0.4267,83,0.4819,0
1w,2026-08-21,1,1,0.8875,1,1.0,0.0,0.0,1,0.0,0
1w,2026-08-22,2,2,0.34196487163946826,1,1.0,0.5,0.0,2,0.5,0
1w,2026-08-23,228,228,0.02849344300775616,1,0.0132,0.5044,0.3158,83,0.4578,0
1w,2026-08-24,109,109,0.2769720834651941,1,0.0275,0.4587,0.3211,38,0.4737,0
1w,2026-08-25,230,230,0.288852766835974,1,0.013,0.5391,0.3174,72,0.4861,0
1w,2026-08-26,230,230,0.5729975034181807,1,0.013,0.4826,0.4783,65,0.5231,0
1w,2026-08-27,223,223,0.510899599567904,1,0.0135,0.5426,0.4888,71,0.5775,0
1w,2026-08-31,1,1,0.23771790999631637,1,1.0,0.0,1.0,1,0.0,0
1w#pm,2026-07-26,326,1,0.5,326,1.0,0.5736,0.5736,0,0.0,1
1w#pm,2026-07-27,328,1,0.5,328,1.0,0.6738,0.6738,0,0.0,1
1w#pm,2026-07-28,327,1,0.5,327,1.0,0.6942,0.6942,0,0.0,1
1w#pm,2026-07-30,328,2,1.0,321,1.0,0.7287,0.7287,321,0.7259,1
1w#pm,2026-07-31,7,1,0.5,7,1.0,0.8571,0.8571,0,0.0,0
1w#pm,2026-08-01,7,1,1.0,7,1.0,0.5714,0.5714,7,0.5714,0
1w#pm,2026-08-02,328,1,1.0,328,1.0,0.7134,0.7134,328,0.7134,1
1w#pm,2026-08-03,718,1,1.0,718,1.0,0.4763,0.4763,718,0.4763,1
1w#pm,2026-08-04,327,1,1.0,327,1.0,0.5872,0.5872,327,0.5872,1
1w#pm,2026-08-05,330,1,1.0,330,1.0,0.6788,0.6788,330,0.6788,1
1w#pm,2026-08-06,332,1,1.0,332,1.0,0.5753,0.5753,332,0.5753,1
1w#pm,2026-08-07,7,1,1.0,7,1.0,0.1429,0.1429,7,0.1429,0
1w#pm,2026-08-08,7,1,1.0,7,1.0,0.2857,0.2857,7,0.2857,0
1w#pm,2026-08-09,329,1,1.0,329,1.0,0.5684,0.5684,329,0.5684,1
1w#pm,2026-08-10,406,1,1.0,406,1.0,0.4532,0.4532,406,0.4532,1
1w#pm,2026-08-11,646,1,1.0,646,1.0,0.4954,0.4954,646,0.4954,1
1w#pm,2026-08-12,73,1,1.0,73,1.0,0.3973,0.3973,73,0.3973,1
1w#pm,2026-08-13,66,1,1.0,66,1.0,0.4242,0.4242,66,0.4242,1
1w#pm,2026-08-14,1,1,1.0,1,1.0,1.0,1.0,1,1.0,0
1w#pm,2026-08-16,65,1,1.0,65,1.0,0.5231,0.5231,65,0.5231,1
1w#pm,2026-08-17,235,1,1.0,235,1.0,0.5532,0.5532,235,0.5532,1
1w#pm,2026-08-18,60,1,1.0,60,1.0,0.4833,0.4833,60,0.4833,1
1w#pm,2026-08-19,62,1,1.0,62,1.0,0.5,0.5,62,0.5,1
1w#pm,2026-08-20,232,1,1.0,232,1.0,0.4267,0.4267,232,0.4267,1
1w#pm,2026-08-21,1,1,1.0,1,1.0,0.0,0.0,1,0.0,0
1w#pm,2026-08-22,2,1,1.0,2,1.0,0.0,0.0,2,0.0,0
1w#pm,2026-08-23,228,1,1.0,228,1.0,0.3158,0.3158,228,0.3158,1
1w#pm,2026-08-24,109,1,1.0,109,1.0,0.3211,0.3211,109,0.3211,1
1w#pm,2026-08-25,230,1,1.0,230,1.0,0.3174,0.3174,230,0.3174,1
1w#pm,2026-08-26,230,1,1.0,230,1.0,0.4783,0.4783,230,0.4783,1
1w#pm,2026-08-27,223,1,1.0,223,1.0,0.4888,0.4888,223,0.4888,1
1w#pm,2026-08-31,1,1,1.0,1,1.0,1.0,1.0,1,1.0,0
