h,k,weighting,beta_neutral,sharpe,t_nw,ann_ret,ann_vol,max_dd,calmar,beta,turnover,n_long_med,pool_med,acc,null,n_bets
21,10,conviction,False,0.7189376340434566,1.6644792273330549,0.1581282592578741,0.21994711609201412,-0.2580792919352268,0.6127119230378292,-0.4110913423988791,23.529186602870816,10.0,634.0,0.5394146341463415,0.5013658536585366,20500
21,10,conviction,True,0.7883031268948227,1.7426264126458342,0.11911294106020723,0.15110042951294744,-0.1548611826761726,0.7691594433272677,-0.14423841702931806,16.78386010999803,10.0,634.0,0.5394146341463415,0.5013658536585366,20500
21,10,equal,False,0.4010156490027911,0.9644814861711476,0.08429977868595101,0.2102156833419842,-0.23563319818020972,0.357758496413054,-0.42727099219792486,23.529186602870823,10.0,634.0,0.5394146341463415,0.5013658536585366,20500
21,10,equal,True,0.345986368968993,0.8350030143164671,0.046005671338795795,0.13296960650758696,-0.15948301444320423,0.2884675305355451,-0.15870815583843215,16.60216545808655,10.0,634.0,0.5394146341463415,0.5013658536585366,20500
21,20,conviction,False,0.6068618119721125,1.4348503997739515,0.12010082582245922,0.1979047345756834,-0.2106359058568803,0.5701821127498723,-0.3948444830842192,23.529186602870816,20.0,634.0,0.5373170731707317,0.5097560975609756,41000
21,20,conviction,True,0.7381577105196091,1.6120458337324546,0.0968193133277069,0.13116345185848316,-0.13839092789363125,0.6996073716777392,-0.139013043806221,17.617496527957865,20.0,634.0,0.5373170731707317,0.5097560975609756,41000
21,20,equal,False,0.1388114478171612,0.35065107163290565,0.025434888695468998,0.18323336508218807,-0.22793703659430015,0.11158734480145044,-0.397583016348276,23.52918660287082,20.0,634.0,0.5373170731707317,0.5097560975609756,41000
21,20,equal,True,0.030300175539601064,0.07598286458834043,0.003292114321021584,0.1086500082060227,-0.17122608802777875,0.01922670989532559,-0.14831941358083267,17.386720783984657,20.0,634.0,0.5373170731707317,0.5097560975609756,41000
21,40,conviction,False,0.4795351770855186,1.146730686425554,0.08300260759224684,0.17308971595517475,-0.18250500619426904,0.45479633311479684,-0.36324959561470593,23.529186602870816,40.0,634.0,0.5296341463414634,0.5255121951219512,82000
21,40,conviction,True,0.6061901040863534,1.3420053123345448,0.06601673967540135,0.108904350682038,-0.11902812981351062,0.5546314117413608,-0.128313632356849,18.46714214277997,40.0,634.0,0.5296341463414634,0.5255121951219512,82000
21,40,equal,False,-0.05154144611722607,-0.12982128544477534,-0.007884023876951349,0.1529647394646222,-0.24277840811471713,-0.03247415591103969,-0.34237212186255817,23.52918660287082,40.0,634.0,0.5296341463414634,0.5255121951219512,82000
21,40,equal,True,-0.25295315320490674,-0.6252983613920987,-0.0222172794437499,0.08783159712483447,-0.16553511702998366,-0.13421490160136623,-0.1268419717749168,18.257066089259734,40.0,634.0,0.5296341463414634,0.5255121951219512,82000
21,75,conviction,False,0.2470930884666655,0.6175583834123954,0.03345031831808431,0.13537537017186532,-0.1546880664306377,0.21624369022081913,-0.291553914759306,23.529186602870816,75.0,634.0,0.5234341463414635,0.5362536585365854,153750
21,75,conviction,True,0.2440460411633176,0.5907821019998389,0.019977585321617867,0.08185990326410869,-0.11992380820849727,0.1665856481715892,-0.09993953176562945,19.545423804005658,75.0,634.0,0.5234341463414635,0.5362536585365854,153750
21,75,equal,False,-0.12012677652062617,-0.30245506714397946,-0.014210273770668282,0.11829397393534763,-0.1993928977570577,-0.07126770276432925,-0.2694454190936364,23.529186602870816,75.0,634.0,0.5234341463414635,0.5362536585365854,153750
21,75,equal,True,-0.36213621547144614,-0.9166767027365987,-0.025148359047792012,0.06944447413262074,-0.149846047263783,-0.16782797749427347,-0.09828873277858426,19.384678736155355,75.0,634.0,0.5234341463414635,0.5362536585365854,153750
21,150,conviction,False,-0.015500379892540892,-0.03912475260174096,-0.0013947258203929787,0.08998010565303306,-0.12246964359910019,-0.011388339015328253,-0.18202874285915133,23.529186602870816,150.0,634.0,0.5182439024390244,0.5477138211382114,307500
21,150,conviction,True,-0.14903826718576518,-0.3806334408560065,-0.008718549098219175,0.05849872829876738,-0.10794929079370641,-0.08076522813735315,-0.0626217840311238,20.989662272480608,150.0,634.0,0.5182439024390244,0.5477138211382114,307500
21,150,equal,False,-0.24186240776709447,-0.5999008124558373,-0.020105528315588244,0.08312795899621245,-0.15753030448208213,-0.1276295909011913,-0.18928832657091277,23.529186602870816,150.0,634.0,0.5182439024390244,0.5477138211382114,307500
21,150,equal,True,-0.4943602134335494,-1.2436305570990362,-0.02565042297958602,0.05188609900750818,-0.13695815418306106,-0.18728657035857202,-0.07362287724116144,20.716853662032456,150.0,634.0,0.5182439024390244,0.5477138211382114,307500
21,300,conviction,False,-0.38651926494047806,-0.9766376473675715,-0.01992372737162685,0.05154653125684434,-0.12299712586725088,-0.1619853084463962,-0.09223716323783437,23.529186602870816,300.0,634.0,0.5107524783389275,0.5581043634376708,614928
21,300,conviction,True,-0.6442653180511151,-1.6024939267900429,-0.02311202515191606,0.03587345850282505,-0.11638236874259537,-0.19858699734006335,-0.036407402958388596,22.37529367080795,300.0,634.0,0.5107524783389275,0.5581043634376708,614928
21,300,equal,False,-0.5351764582631812,-1.3145841057500742,-0.0267067118617139,0.04990262828149378,-0.1486842915040101,-0.17962026513738072,-0.11163570447996497,23.529186602870816,300.0,634.0,0.5107524783389275,0.5581043634376708,614928
21,300,equal,True,-0.8834903436907501,-2.1744048662773725,-0.02938691537525266,0.03326229379314984,-0.13687707853909267,-0.21469566481768262,-0.0493847279053229,22.129391153010385,300.0,634.0,0.5107524783389275,0.5581043634376708,614928
42,10,conviction,False,0.38948722766929955,0.8560746615643796,0.07994563009540165,0.20525866938897616,-0.3648866977768529,0.21909713503530495,-0.38253339398775327,11.523444976076556,10.0,634.0,0.5305776892430278,0.5138446215139443,20080
42,10,conviction,True,0.669218430920308,1.308586495780108,0.0936499418558785,0.13993927472543047,-0.22055726562011843,0.4246060160048343,-0.16273040148975265,8.259531215147668,10.0,634.0,0.5305776892430278,0.5138446215139443,20080
42,10,equal,False,0.09068399365979857,0.20823453745919435,0.018262782414550354,0.20138926041417263,-0.36344618018675773,0.05024893205691686,-0.4082131048394749,11.52344497607656,10.0,634.0,0.5305776892430278,0.5138446215139443,20080
42,10,equal,True,0.25147899990517075,0.5179738131842453,0.033031690886029724,0.13134969877598335,-0.2255796806161956,0.14643025823868552,-0.18437474483837032,8.111283005415194,10.0,634.0,0.5305776892430278,0.5138446215139443,20080
42,20,conviction,False,0.2924928966243681,0.6552900030886132,0.05589683109274071,0.19110491823165815,-0.3419675595904066,0.16345653125603912,-0.3815371010829158,11.523444976076556,20.0,634.0,0.5283117529880478,0.503461155378486,40160
42,20,conviction,True,0.5546173280776718,1.1272787132162603,0.06932984756861559,0.1250048349713773,-0.20194302386496357,0.3433139023162071,-0.1664284428068882,8.614813743428803,20.0,634.0,0.5283117529880478,0.503461155378486,40160
42,20,equal,False,-0.07056848494648077,-0.16812618547759065,-0.012907906304087044,0.18291318446012292,-0.32587000801032173,-0.039610599278219534,-0.39433583598150884,11.523444976076558,20.0,634.0,0.5283117529880478,0.503461155378486,40160
42,20,equal,True,0.0077498014050482135,0.01774904769291952,0.0008724529730780194,0.11257746198627805,-0.19348173229060073,0.004509226595964289,-0.1832026899155324,8.417225600818846,20.0,634.0,0.5283117529880478,0.503461155378486,40160
42,40,conviction,False,0.23086436469184915,0.5357244036501416,0.038078865932277224,0.16494042284569885,-0.27800975900465974,0.13696952966186696,-0.34263476526786163,11.523444976076556,40.0,634.0,0.5219621513944223,0.5133466135458168,80320
42,40,conviction,True,0.4714688868310222,1.0138163048686288,0.04736988763308737,0.10047298762699705,-0.1514326032527061,0.3128116839808792,-0.14752097851046733,9.00055752152982,40.0,634.0,0.5219621513944223,0.5133466135458168,80320
42,40,equal,False,-0.13861208432728808,-0.32983789665485375,-0.02142745902262385,0.15458579334273456,-0.2938343123186069,-0.07292361077078664,-0.3380398164275799,11.523444976076558,40.0,634.0,0.5219621513944223,0.5133466135458168,80320
42,40,equal,True,-0.11695906201598548,-0.28084378290121276,-0.010648868937120335,0.09104783121178667,-0.1573373701567664,-0.06768175244387338,-0.1562006546491697,8.816916399327443,40.0,634.0,0.5219621513944223,0.5133466135458168,80320
42,75,conviction,False,0.11318236822910166,0.2755969071774794,0.01408075840393235,0.12440770257987833,-0.21135957217399096,0.06661992290721087,-0.2618244122279074,11.523444976076556,75.0,634.0,0.5184926958831342,0.5294090305444887,150600
42,75,conviction,True,0.23911016147553432,0.5660100670044051,0.017179994938333592,0.07184970656335508,-0.11460574028778113,0.14990518708045258,-0.11429315935066767,9.552284850053482,75.0,634.0,0.5184926958831342,0.5294090305444887,150600
42,75,equal,False,-0.151772294974054,-0.36437770761673055,-0.018286044810440136,0.12048341769863992,-0.23311109922462162,-0.0784434755413342,-0.26305637335354853,11.523444976076556,75.0,634.0,0.5184926958831342,0.5294090305444887,150600
42,75,equal,True,-0.17677006083846136,-0.43761968251108985,-0.012483884018100189,0.07062216281923667,-0.13979936409774654,-0.0892985751306534,-0.1236881956360694,9.33828609297849,75.0,634.0,0.5184926958831342,0.5294090305444887,150600
42,150,conviction,False,-0.14835702177680846,-0.3552177298859184,-0.012134122833683196,0.08179001363304553,-0.15761740251660453,-0.07698466438314071,-0.15840197293995914,11.523444976076556,150.0,634.0,0.5104614873837982,0.5485956175298805,301200
42,150,conviction,True,-0.19053894184542858,-0.4579173362917428,-0.009615693947773804,0.05046576754674312,-0.11670868743257105,-0.08239055857199416,-0.07473680726913988,10.30149478232326,150.0,634.0,0.5104614873837982,0.5485956175298805,301200
42,150,equal,False,-0.26974354502953624,-0.6318158816567807,-0.022213577000614833,0.08235072686607757,-0.18028912597765664,-0.12321085301266466,-0.1785359222511582,11.523444976076556,150.0,634.0,0.5104614873837982,0.5485956175298805,301200
42,150,equal,True,-0.36587184284826696,-0.8873212332833198,-0.01843978840380363,0.050399583253666544,-0.127167863951435,-0.14500352393153138,-0.09061773200668093,10.0556858873985,150.0,634.0,0.5104614873837982,0.5485956175298805,301200
42,300,conviction,False,-0.3692613994570437,-0.8911844363563957,-0.017820284587763368,0.04825926732110651,-0.12078443829900823,-0.14753791828421073,-0.08230597724747792,11.523444976076556,300.0,634.0,0.5086844639240297,0.5654431052229638,602340
42,300,conviction,True,-0.5161212928750902,-1.2234520991626041,-0.016817849782122155,0.032585072567801125,-0.09628757868789836,-0.17466271362617472,-0.04584611397732549,10.964523060180268,300.0,634.0,0.5086844639240297,0.5654431052229638,602340
42,300,equal,False,-0.39696588265275284,-0.927741040864703,-0.019716955840875478,0.049669144635593146,-0.13409985380292708,-0.14703189661825794,-0.10530509775829833,11.523444976076556,300.0,634.0,0.5086844639240297,0.5654431052229638,602340
42,300,equal,True,-0.567699288968389,-1.344525271976845,-0.018594166493700874,0.032753549026791624,-0.10286157144507416,-0.18076883555711332,-0.060682044142402435,10.787465826236202,300.0,634.0,0.5086844639240297,0.5654431052229638,602340
