h,target,model,k,s_net,s_sharpe,s_dd,s_tr,s_long,s_short,o_net,o_sharpe,o_dd,o_tr
5,extremes10,logit,10,0.0925211369244821,0.35139176791553955,-0.24789964997549094,209,0.0017017766719327491,-0.006564935110784794,0.5333720050997335,0.5969173581768171,-0.3131384749981429,69
5,extremes10,logit,25,-0.002692040462544461,-0.12810517956183412,-0.20331730159489497,209,0.0016026654441603481,-0.002885745648595824,0.2576459170366391,0.5697859005628321,-0.15423011095924413,69
5,extremes10,logit,50,-0.03820986970183426,-0.521431897240839,-0.26740901843418075,209,0.0018537205803888339,-0.0012252528441415527,0.03219469133598268,-0.2061116418336896,-0.13116026901759184,69
5,extremes10,ens_lh,10,0.10599954868286077,0.24054545193772564,-0.2902886666239216,209,0.0014699711210708298,-0.007331598271106187,0.663072602348141,1.1161039820622751,-0.34114466705617746,69
5,extremes10,ens_lh,25,0.0004733851502056469,-0.2575956358999061,-0.3086719677973714,209,0.0013832146695821137,-0.003230808550664142,0.3426536811057738,0.7618124177902559,-0.1240581534635371,69
5,extremes10,ens_lh,50,-0.058391949755890085,-0.7781588073718979,-0.3936910058017727,209,0.0014623031757489628,-0.0008157940561601606,0.05388580245584424,-0.10780350471415806,-0.15229073572710458,69
5,extremes20,logit,10,0.05599875538177067,0.2980960745736489,-0.2589165077121446,209,0.0020470306153906395,-0.004770380312457403,0.6311259323956502,0.7010065158112719,-0.3683708466576921,69
5,extremes20,logit,25,-0.03203410165665386,-0.3680327683998684,-0.338108669959616,209,0.0013225979724251714,-0.0020014456126282464,0.26077156117663797,0.6822456507730003,-0.15218546855957243,69
5,extremes20,logit,50,-0.05625652424462961,-0.5457227501504379,-0.31826519735141534,209,0.00148169851962164,-0.0008811378198771858,0.002821999323359155,-0.40992578154938974,-0.18277429480083324,69
5,extremes20,ens_lh,10,0.12960060626006578,0.40738322113356834,-0.3829220964062654,209,0.0024854125642827414,-0.007252706731751613,0.7158601595796475,1.0883638982578425,-0.3249126237707936,69
5,extremes20,ens_lh,25,0.015118465120392277,0.05178934936967828,-0.34037221076473045,209,0.0021500278309657173,-0.0030451493563514367,0.292673004106759,0.569001474456249,-0.11733017681170584,69
5,extremes20,ens_lh,50,-0.034900094057487716,-0.3690659244394702,-0.3344045511925247,209,0.0019048461182414398,-0.0013054676096360314,0.026501440688570535,-0.16572380883005092,-0.19518487838730292,69
5,relative,logit,10,-4.474187268875058e-05,-0.15284493581117667,-0.3965235924661133,209,0.0009964144766755826,-0.003597048147424071,0.6108626458161907,0.4403168265079432,-0.34598337950348496,69
5,relative,logit,25,-0.05372800574059127,-0.5889179767383496,-0.41075501483740595,209,0.00131002751011918,-0.0011531468652541817,0.24143093694504986,0.3459013964738266,-0.14551483715547797,69
5,relative,logit,50,-0.06990681940694324,-0.6423207731344961,-0.3505561707535498,209,0.0013651211852813646,-0.00045603677476057064,0.029402888276689094,-0.4549777156423681,-0.1525704682614265,69
5,relative,ens_lh,10,0.06728708607091008,-0.010091833850290756,-0.4393566174500086,209,0.0023401787947367487,-0.004925181763632698,0.7070407013041694,0.6263673764653084,-0.3269659746181542,69
5,relative,ens_lh,25,-0.04056671832606025,-0.405716753776111,-0.3856481812403921,209,0.0017488706193366824,-0.001236577066137118,0.26132171024303896,0.5670002717944106,-0.1229373037062265,69
5,relative,ens_lh,50,-0.05583975500831044,-0.5551843027475362,-0.3760698378868744,209,0.0016270476693891257,-0.0007523271318683965,0.020659621435396854,-0.4996128232806379,-0.23328174096906104,69
10,extremes10,logit,10,0.15615110501236298,0.7236390614968387,-0.19375043243172205,104,0.0032020110437802683,-0.014381409988946953,0.6768577989143792,1.9713242939244162,-0.07756521141585226,35
10,extremes10,logit,25,0.03452343674956595,0.20808716207291325,-0.17525731175720452,104,0.0022213730191758293,-0.0057090584688849625,0.3167338947748718,1.6623030615769763,-0.06363785800568553,35
10,extremes10,logit,50,-0.015367813540855315,-0.16064319368059243,-0.14904091929779162,104,0.00262605271674627,-0.0013447557323921985,0.07363632124971606,-0.01906198841273009,-0.07912642018728333,35
10,extremes10,ens_lh,10,0.1847612817052278,0.7610727362036707,-0.18541381514993724,104,0.004477447963515539,-0.015376622013089843,0.9406713976463902,3.136762835703201,-0.07011505222954625,35
10,extremes10,ens_lh,25,0.07335343189811853,0.7627036535450994,-0.12187640432302513,104,0.004113918906291898,-0.006898258228479417,0.4118647432040628,2.333993230730837,-0.037269964537589,35
10,extremes10,ens_lh,50,0.018463494284038102,0.35903265581722754,-0.12312042698853946,104,0.0035036468220420477,-0.003152186057643517,0.14942825698794593,1.3005369372046618,-0.07529348258911478,35
10,extremes20,logit,10,0.09988422495476008,0.5439057394491855,-0.1841460462422229,104,0.0021908188140179123,-0.010926976817312254,0.8512936969645735,3.130624041905193,-0.07799709676944842,35
10,extremes20,logit,25,0.010068142450844503,0.03265661960597735,-0.237229291367538,104,0.0019968025694534542,-0.003992732545692934,0.330811003578442,2.093639571485396,-0.060602885319883976,35
10,extremes20,logit,50,-0.030140340388941048,-0.41234022203898724,-0.24512021846804308,104,0.0021495982109615962,-0.0006487874724557814,0.05609528781191608,0.1834536784546689,-0.11124231805248516,35
10,extremes20,ens_lh,10,0.10124648045455432,0.5885532095834133,-0.36331760944949065,104,0.0028486111726022906,-0.01037729997458456,1.0146012971613136,3.250171688425317,-0.1160980338823976,35
10,extremes20,ens_lh,25,0.016187751911624224,0.13627018323549112,-0.2915242317306099,104,0.0025176705078567814,-0.0039575478978276825,0.4168509590396951,2.2184326769916374,-0.04316435731980675,35
10,extremes20,ens_lh,50,-0.001847891948807541,-0.13340079483979203,-0.23236662641318467,104,0.0023178630273418006,-0.002725955071959188,0.12790613912968515,0.7630805949067165,-0.12756451333259444,35
10,relative,logit,10,-0.0032612334945107124,0.0024728153926036403,-0.2942635584578501,104,-0.00046497680061067295,-0.00539662493596697,0.7393365678695977,2.3570845101247375,-0.10011614991553673,35
10,relative,logit,25,-0.049872042380536066,-0.5367491505144708,-0.32671143886746845,104,0.0006116490632507829,-0.000620728525595562,0.2684736346199892,1.074499286749956,-0.10054231798601307,35
10,relative,logit,50,-0.054476272118937914,-0.6374389725242802,-0.29383235410544467,104,0.0013350582473486874,0.00046809571710566415,0.044226320622679616,0.03814959098210332,-0.13591030966969425,35
10,relative,ens_lh,10,0.08667581366712397,0.26809727351999607,-0.4471627090226079,104,0.004219090201297456,-0.00785041881990286,0.9799100549308138,3.087079908650478,-0.10051868240098352,35
10,relative,ens_lh,25,0.019769067469325035,-0.181899639405806,-0.3805290437706939,104,0.003027483538129577,-0.003731966261023205,0.34814024179280767,2.0040936989570417,-0.09155112901836232,35
10,relative,ens_lh,50,-0.007380682734582804,-0.21254245784435563,-0.25615162497011695,104,0.0026403900337769316,-0.001964317685700623,0.10425696478672987,0.9746008168389007,-0.12326298612929312,35
21,extremes10,logit,10,0.1736234714456572,0.4410383280859244,-0.2935964821150071,49,0.0033987479930947164,-0.03203849724784816,0.7385736024131291,4.076965633235854,-0.027684668984277665,17
21,extremes10,logit,25,0.056293968865023816,-0.1638764143218187,-0.26361324355466753,49,0.003420168375836778,-0.01246215976833386,0.35260127245902645,2.9147879702537587,-0.022553679010639902,17
21,extremes10,logit,50,0.010040415337735541,-0.43559453296148065,-0.23000941303569217,49,0.0035657732406240107,-0.004607629315665248,0.10030713553613763,1.1545622916528364,-0.0506208678411251,17
21,extremes10,ens_lh,10,0.17238704740337862,0.747226203134966,-0.28900095644351387,49,0.0025788789805809204,-0.03265229558664885,0.8678652990140786,4.407096890921413,-0.022220354336320823,17
21,extremes10,ens_lh,25,0.06218416858514644,-0.13160368069111758,-0.3007865007981998,49,0.0029115353752282337,-0.013952492722296178,0.3686129435488071,3.7062793157798417,-0.009591152131125961,17
21,extremes10,ens_lh,50,0.022388583387110382,-0.2603452111246229,-0.19277226806551215,49,0.00435398087731352,-0.0058774496872048805,0.07668217564986446,1.034987422696347,-0.06987352182193014,17
21,extremes20,logit,10,0.08147510890189438,-0.18351301728560132,-0.4094782436449418,49,-0.001630472704648211,-0.021709657521630617,0.7388320984334156,3.6643199036551866,-0.04339006088641449,17
21,extremes20,logit,25,0.009377071389364285,-0.482009630515814,-0.32685748089552513,49,0.00105787583852661,-0.007004969393034105,0.3267226747024801,3.9486154227667405,-0.016695320878949614,17
21,extremes20,logit,50,-0.026437771427733577,-0.6380457399436211,-0.2808028804004928,49,0.0017425894677255218,-0.0003511152943188868,0.05653145202430054,1.0049893806316044,-0.05431213231132994,17
21,extremes20,ens_lh,10,0.08677451475483895,-0.21747452050282484,-0.4309334840279743,49,0.0013781232487872933,-0.019584295877019205,0.9151045116806725,4.717776742067536,-0.013587134114490527,17
21,extremes20,ens_lh,25,0.030656509896981862,-0.13882179572159148,-0.29958633519895356,49,0.0038105652866426668,-0.007798853029520981,0.3402573331184672,2.9911383165251815,-0.02038202176751098,17
21,extremes20,ens_lh,50,0.004447756261198632,-0.2535762007812379,-0.21810248567144974,49,0.004499770458139957,-0.002741522252059819,0.062371377975617766,0.8602308019799944,-0.10360295308048176,17
21,relative,logit,10,0.03979457686384706,-0.31929055247184307,-0.5519174818851318,49,-0.006137138576849218,-0.01926956805415707,0.756745565594773,4.678163826196608,-0.014007953263309128,17
21,relative,logit,25,-0.015899744914692027,-0.6945557666749739,-0.4129921521421309,49,-0.001985802150297808,-0.0058358446645158085,0.3472258027196219,3.2323184773095033,-0.029821089871720743,17
21,relative,logit,50,-0.03342142929732185,-0.9460273383322639,-0.37121114908357195,49,-5.038348764342783e-05,-0.00098014527142312,0.04883912013224345,1.2875683465987147,-0.05427229365315973,17
21,relative,ens_lh,10,0.07762496303509397,0.20525143451414954,-0.37485537697112814,49,0.000627566793532516,-0.018809927045649814,0.8901966199046034,4.52373539531565,-0.016362333711034845,17
21,relative,ens_lh,25,0.005865726113454348,-0.13184575012880193,-0.3099880039904557,49,0.0025990285035928993,-0.0048785925153161614,0.3931308274743421,4.202653585013523,-0.023407861749617887,17
21,relative,ens_lh,50,-0.0019354428428262848,-0.09528783959470553,-0.22452352723771904,49,0.004206471108568637,-0.0019709550842936514,0.04940841683639126,0.8003090317456854,-0.07777800161848294,17
42,extremes10,logit,10,0.09269938573502369,0.8166503494517545,-0.17310019776249658,24,0.0015309014458472381,-0.03836889379916067,0.6896699371115989,3.4265638584551406,0.0,7
42,extremes10,logit,25,0.04183115849670131,0.4835317637609097,-0.1770681815471245,24,0.005187660090298167,-0.017756059408602278,0.270553725435816,2.050386120573869,-0.024252473881814066,7
42,extremes10,logit,50,0.004806020996529229,0.048394733615107294,-0.18774150005456972,24,0.006821487262507048,-0.003780519736336028,0.038107952397590385,1.4244879592183783,-0.01774835762045172,7
42,extremes10,ens_lh,10,0.11963745263631378,1.0750665994763908,-0.18813949422286128,24,0.00958974700116285,-0.03928940387760841,0.6744600748493703,2.7632959942014215,0.0,7
42,extremes10,ens_lh,25,0.036567136002803674,0.26854352613633775,-0.23927759072190102,24,0.007292604744348703,-0.013896440589919195,0.1784943948706932,2.066250391211939,-0.03673331532136912,7
42,extremes10,ens_lh,50,0.0034916905624894543,0.04969694434331273,-0.20367765521333583,24,0.006473456608335143,-0.0036904402458280074,-0.012265101198774223,0.6266177434293921,-0.062080123962651446,7
42,extremes20,logit,10,0.03858584166285192,0.5231628257773199,-0.29786083157013754,24,-0.0030452960408528765,-0.02490724326180353,0.6127655145300814,2.7564206541741623,-0.014694597008570167,7
42,extremes20,logit,25,-0.0015451794313568823,0.2710564925626053,-0.17532958250202474,24,-0.0003735768032840494,-0.008858516992831762,0.23501021437677216,2.35600572226378,-0.02223227360509789,7
42,extremes20,logit,50,-0.02555505929159064,-0.04786909574819997,-0.19024589547533527,24,0.0014172673671152968,0.0009356204643121742,0.013837985682804053,1.2872254603181144,-0.020193311766307172,7
42,extremes20,ens_lh,10,0.07560479987835174,0.7979635408187891,-0.18709245520170867,24,-6.197136835656718e-05,-0.034263571327807156,0.6890776357310124,3.3068165553887487,0.0,7
42,extremes20,ens_lh,25,0.0133820073192536,-0.07132371297451048,-0.24515509033215274,24,0.004113518029894953,-0.009347151076522918,0.20945109321554245,4.150637800122414,0.0,7
42,extremes20,ens_lh,50,8.68655708696462e-05,0.0872534051343692,-0.1707110759060801,24,0.0060720792327614015,-0.002956875957528486,-0.05900104898316864,0.539683612131448,-0.051382027061622496,7
42,relative,logit,10,0.0021657171999247965,0.22707203280934285,-0.4009557111347053,24,-0.005476208465116613,-0.01519811419842489,0.7169924595556341,2.8525943109915435,0.0,7
42,relative,logit,25,-0.027839089447729337,-0.026420769655391044,-0.2871453103618557,24,-0.006335488168308668,-0.006055791685732222,0.3608345191573153,2.824699218911722,0.0,7
42,relative,logit,50,-0.05433920880037879,-0.34925871935500574,-0.2504996616486904,24,-0.004151694827046522,0.004961374773079737,0.06380692125914242,2.2366233216129645,-0.0035240424616289957,7
42,relative,ens_lh,10,0.07307888508489244,0.6679106951289666,-0.16453519773232045,24,-0.002765881782858756,-0.03612551014448957,0.6984256321675786,3.4419182559448447,0.0,7
42,relative,ens_lh,25,0.0024372210006095344,0.2520984924334414,-0.16971238647980236,24,0.002373634544326219,-0.007438772455876963,0.27337218281816345,2.7964918253179896,-0.005774406109205514,7
42,relative,ens_lh,50,-0.009759289128967296,-0.0022886026164169676,-0.10991518215023702,24,0.005820990439420061,7.408681574249095e-05,-0.027220140677661084,0.5729046007478842,-0.0457991303616495,7
