symbol,timeframe,first_ts,last_ts,n,sha256
A,1d,1546405200,1790740800,1947,6080802576ceb209c6d9943d5f65ed6739da197d11e27d86a10e655e23382c71
AACIW,1d,1636606800,1790654400,898,604b5f133bb5d32b961e7031416d6a2be68de6914eff1c3a32ebe9fe1fe5a9c9
AAL,1d,1546405200,1790740800,1947,cd4c3cc278722f21765ef402f320618c0c16ba00faae41797d187c3945281aeb
AAOI,1d,1546405200,1790740800,1947,ffa16068f8b93aa665b9397ddd18f318ccf41b5b264b6e99d1f90247c9bf88ee
AAP,1d,1546405200,1790740800,1947,1bfdf634f9cec579b2422604d10b8ed880afa4abd1aa968794a0243367eff523
AAPL,1d,1546405200,1790740800,1947,63e6f0b958eca661200af064241b33bde400a17ebf4b27d7fab46e5c02e60060
AARD,1d,1739422800,1790740800,409,413a0ffde89ae9f3250f9d56aa90a8050bd9044c506fb02cb6dbbf3bd55c4ee8
ABBV,1d,1546405200,1790740800,1947,b7828d92f6931e46ccc211ef386f3fae39427458b7c7c31b791213549c2934dc
ABCL,1d,1607662800,1790740800,1456,3a9e3dfa3bda9a2d354489da2c535619f40b8357a05c2944fa2e073da0afab35
ABEV,1d,1546405200,1790740800,1947,d2fb63e282d781c4497b7d3ef542d7ef2d8aa4df9ea035a409238840f4b83ecf
ABNB,1d,1607576400,1790740800,1457,9655bc58c819f6afb2986b5deaae352ef41de9b2cc7061ccddb0b8d237022fc5
ABSI,1d,1626926400,1790740800,1304,4e91dac7cf7e16e8042aada33d97dbd70102b28f7bceee4303a22b549bab037f
ABT,1d,1546405200,1790740800,1947,ba8863df73285f2e780aa75c35da887c2384136165a69345c468c472ee9ef396
ABTC,1d,1546405200,1790740800,1947,222637ae3319ca2c8a263ff300676efce314de1ed2ca4c469dbf0f44ba6e75fb
ABUS,1d,1546405200,1790740800,1947,b47ece7dc9ab6fb4f0e8077f4bbcdf8661224efdeb12fd1260f2683017966dc3
ACDC,1d,1652414400,1790740800,1099,8f801339664e7f86dcdacf6cc982d4ece169a2d7fd03a7f33e5fc14c476e15b5
ACGL,1d,1546405200,1790740800,1947,f610345a957361cca7d45c8132ba15363c410c317fcf170555141c3488f8714c
ACHR,1d,1608267600,1790740800,1451,045f428e500cbc2ef4a472411485c7ff7c075109d1581c8ca95051d10533b0c7
ACN,1d,1546405200,1790740800,1947,0495fa8e95b965779f7d9312a31911d21c9a312f29b38e7cd88ce28103c129f4
ADBE,1d,1546405200,1790740800,1947,712e931b2cbea8eefece5008fda69825759fb509253007cc675ff302917caa64
ADI,1d,1546405200,1790740800,1947,85ebb3323c5be66d97bbbc1d36796fef05fdbf441af247ae212390415262e4d2
ADM,1d,1546405200,1790740800,1947,c608c5259cbc8e65a1deeb85e8bde77a5ec8003a9f410881144dcfc230e319f7
ADP,1d,1546405200,1790740800,1947,cfcc11ce0505e1fc3d11cdbfa05197e35bf74b5b8ca535f0bafe1ba88a8acb57
ADSK,1d,1546405200,1790740800,1947,519e80707db928e65c2d1fef36f95a461b7e1b7e1069456873a71342d0833bd7
AEE,1d,1546405200,1790740800,1947,b4279a97341f9cc9ae0ac20b0395e3b21042349af891417f116ea89663bf5ab4
AENTW,1d,1688097600,1790654400,807,59d442bd7f024ee0540f4d2edb10204c48ca01447ac19c4a1734a43d798b01ad
AEP,1d,1546405200,1790740800,1947,f60dfbbaf0b2d9b6f06d45316d537b02ab8ad5bc560310c5e28178f19798f684
AES,1d,1546405200,1790740800,1947,ca8e2193b3d422ca8dc89c1d4f41bfc60bfb21733cc394956e2422b7d1d28323
AEVA,1d,1582779600,1790740800,1632,a3aa843a5d62295ab35fcc9fbc8cbfd883ac225e4dca04e44ac56ae14ba6ecdc
AFJK,1d,1705899600,1790740800,675,b06883fc1b85ff477a5cea966044200e2e7c4c50fa8240b44dd61772c69c9168
AFJKR,1d,1705899600,1790222400,566,63378c5b3b501b77c2c6995c9f04a85a0dbe8455a27131bb74fcab65c8998043
AFL,1d,1546405200,1790740800,1947,fc51d6e411c7e5170b77d8a79cf8a11fb8874a4b4795cd8b3e3dd4e3d65475c6
AGEN,1d,1546405200,1790740800,1947,9b55ea48288899fbeb912ac6b49469a9f66b694996c9547dd910ad0bec33c376
AGNT,1d,1546405200,1790740800,1947,28ef500e97607cfd18312f55370a793ab286ce4ce67c5dca3acfe2d1438462e6
AGQ,1d,1546405200,1790740800,1947,59256c316b2d98ce807305b07306e6e15cc83f84dd02d0536ae5257cf227cbe2
AIG,1d,1546405200,1790740800,1947,edfcf8ae8d7b308b6f6845c9d1c5b8949e704a270b5db004795f93a6ac52a851
AIIO,1d,1584676800,1790740800,1641,1642eab4167ba5e91d14eafa9f9152868ffeafcede88cca2ce25f5534bdd2975
AIZ,1d,1546405200,1790740800,1947,117f712b27fffa8ef82da5b3a29ffa76e26bc9430500dd156511ff3bba5e0ccc
AJG,1d,1546405200,1790740800,1947,3ef74ebbe3a893af1c2d34fb0e712f6e3d7345701b6a7487d72b7d36c53b1571
AKAM,1d,1546405200,1790740800,1947,829e5e79605d11c31c8e54dc0abaacb1b80cb8dc4a69fc44a592062033b670ec
ALAB,1d,1710907200,1790740800,635,ddc3804814107bcf4c939214a6c08ac881e3e47020c6ef1180f9535fcadb049b
ALAR,1d,1546405200,1790740800,1947,7f8d22b08d924f901e22bd36c64151b6b10e6ab4a58aa53ba0a691bcfe6487f8
ALB,1d,1546405200,1790740800,1947,aac87b67f5235f115613ccdd3bde18c0c18ab29fd187dbd0022a5fd38519bf13
ALGN,1d,1546405200,1790740800,1947,13028540987b2916bfbe565d7bb3e4a1810292bc2ad75062bae5dfb48080f034
ALHC,1d,1616731200,1790740800,1385,4b1d9b4e968b244d8a2b573ff0709569f8c6868e50b6246629c5bd692f5a2cc0
ALL,1d,1546405200,1790740800,1947,1cab4b3f709e96953cc8015e5539f05e2549830c803f71f0a357fd80a7ee2153
ALLE,1d,1546405200,1790740800,1947,c60d6588b420e4bfc6e9059fd7a58ec691b6aed3e4b1bdbebc83a6b125254f24
ALM,1d,1752465600,1790740800,307,0b0a02c4fc940792b18aefa139f43183a6cdf74cf46fd64011898ae1e382cf55
ALOY,1d,1636520400,1790740800,1226,05790ddc06c434584b402a71e1544ec7e3cd4696ad4cd4af3f5962f75701eca6
ALPXW,1d,1783396800,1789704000,36,abcbfe1c006ba0447c7285e254f4b0625928de756f13cd29217660645321d54b
AMAT,1d,1546405200,1790740800,1947,648ae8b7d3f5c675e00424d05ea6b083f4c05e7261223bb2ce548b658c9b9497
AMC,1d,1546405200,1790740800,1947,74ac1d4b08ebf2c41f2c31ca2c837fdec148fdd182213780fac529d5df4c220a
AMCR,1d,1560225600,1790740800,1837,f487d9f8ed0063d8936f03f1f70cfa91e23e9fa8bb718da68ad5c6cfcabafc8d
AMD,1d,1546405200,1790740800,1947,a5a4c73f694ec686bd2f3f9cb7aa5b9043831b5aea85120b806c08eea91e4627
AME,1d,1546405200,1790740800,1947,920861e9619458fa581b196ea7d265af70be77a1721a92d48001b598492b5f86
AMGN,1d,1546405200,1790740800,1947,addf7e1486011d219800c9ab7ea2832715035f5edaca1886b9e35f1a729cc631
AMIX,1d,1706504400,1790740800,671,452fbd457986b6a895813f59d13340899b0c6cc36211a555bfdea835e546960f
AMN,1d,1546405200,1790740800,1947,cb05115e5454aac00651b63f18d961d681a95bb919aa3dbc5048ee67eeda7911
AMP,1d,1546405200,1790740800,1947,403c4ed2922e01e4e999b69cc70768e2f1ccabe08769abf314b858f26128d679
AMPG,1d,1613538000,1790740800,1412,bc3cc233a790d70853f528386026113b95b9b00f340360e3ec6e06df6bcae121
AMPGR,1d,1770094800,1784520000,115,3800449522baf53e4ad0029b4641a2480a16f87d48d1301635e566f727072fde
AMT,1d,1546405200,1790740800,1947,b9a7d966794281453a52bfaa4c3ba4322a310c072c2689fd2ecf36acccfc35dc
AMZN,1d,1546405200,1790740800,1947,e262e5bdf9f132698583a8513446876f8e8f0bc28a7a38b58496a41e758d2c64
ANET,1d,1546405200,1790740800,1947,38bdb753c5023606249ffb468225fa95fab1004345e3e85885a37f493b2187d6
ANF,1d,1546405200,1790740800,1947,821798b7ab9ee75644d7751946a4eb3dc6eb65d14d87ab345b24050f6847cd8a
ANRO,1d,1706850000,1790740800,667,3c83d616763db82eef7090de5de2ccd900e677b35729ab9901e3002be07f94b9
ANSCW,1d,1704258000,1786507200,654,ea9736023a031c581fb92eb878134720cc523e5a09cfa4b085d6c40a46833808
AON,1d,1546405200,1790740800,1947,ca34e02a27d413204f49e7b6df0cdcfc031f49cc7853a42193e532e616d3ea4c
AOS,1d,1546405200,1790740800,1947,f60a6540e07a353f2705a5b3d1d52fb0cc39fc7fbb141a9b73d9591682860cdc
APA,1d,1546405200,1790740800,1947,cd708f682bd7de34bcd9b6921e9bda5876039f3fcfa7200abf2b5c0409cc6b39
APD,1d,1546405200,1790740800,1947,dc580ec46257d482d1a0402e4e9247d95a1c71470bf0be9e8aa664175bb7ccee
APH,1d,1546405200,1790740800,1947,3b155ce90e6a1f0f692391ae243a9b53917faa07e5d286d20e8b9a4452ba63cc
APLD,1d,1649822400,1790740800,1120,2c0969f36793b26e9694efb22b9b2dc7d9ded453a4a4235c494d5ea6b85e0bb7
APLMW,1d,1637902800,1790740800,1207,ae51ed14f672b13222243bac5d276f3260ede4a5cecca797ff68a48115ab901b
APP,1d,1618459200,1790740800,1372,875d920b6e1b4efcf743d032e1b1f09546681ba6b9c00acbd0c346d1af890e0c
APPS,1d,1546405200,1790740800,1947,99e4867d7c98aaca09c03f161f1f9f87edcae5d94b3f1f42e8f0d4dcc7055b56
APTV,1d,1546405200,1790740800,1947,107bd8b67563b2a70b7de1b541b67bd88d07aded574763212919a8b18c1727ba
ARE,1d,1546405200,1790740800,1947,32134f2d0e1ed3706338e8f4f9440b67ff70168061ea7886de8385eaa590aaf1
ARM,1d,1694664000,1790740800,764,de2469ad0767589c58504703ec5cf9e31b612ad85c80e437102820d55dc7379f
ARWR,1d,1546405200,1790740800,1938,248dd0f76e6c2a208f7189c38ebd3270d6c82f8fac2f86a2b2773117d8a6e72e
ARX,1d,1753329600,1790740800,299,245cecb3def94f19f0ff1d5d054229d322f9c901621159189dc2790246c14de2
ASAN,1d,1601438400,1790740800,1507,55008f5aa4347455f244fd09f02d13ba91e8b5075f402da6212fb4552336e534
ASPI,1d,1668056400,1790740800,974,82be5fc2c5aa2a697f1947e84845a0f0c01359bbb002bc1c79493dd4997f6159
ASTLW,1d,1614834000,1790740800,1397,42deb102253a5402f1a1e558485c58a361e2f1076fb95150e3e8a51e5e8b3119
ASTS,1d,1572580800,1790740800,1736,d36ebac90182c84dd0bb01e7f2cc6c4bf4ab08df23e41345240091d2a036276a
ATO,1d,1546405200,1790740800,1938,8d53c9fbf8a0044e0d677f6d831eae0a3613164014fae0124972e93e96a80fa4
AUGO,1d,1752638400,1790740800,305,08b96e000e3e53c07d6f78dcaee4d5bc1ade9f6d116dc52b030fea5cca506873
AUR,1d,1620619200,1790740800,1355,a37da2ee6ea7605fc88d28a4b3bbf6c62a8e842c4b83b1c3cc4cc77c6573d5d1
AVB,1d,1546405200,1786680000,1915,3100ab7862c0da6f1277a3d1b890f20f620b5c886f6d837c80a6383644573c43
AVGO,1d,1546405200,1790740800,1947,97f0144b8b2fc7350053cc641284cb128dbd285c18ea0749cb6f274f038fbcc4
AVY,1d,1546405200,1790740800,1938,b178463d27c97de2e5fb9231645a88e5aee507112c88f2eaf241b58a1ad0b7b9
AWK,1d,1546405200,1790740800,1938,16ce2f7b4179124448dc67a563cc5d1cbf580e60ee7815503da3253831d8075b
AXGN,1d,1546405200,1790740800,1938,8397063064ee998a7239f8018fa1752b3d874d2b0ef46fdfaf13a04deb0819f9
AXON,1d,1546405200,1790740800,1938,f81a286bec5e2d76eef260211e0b6c4aec635df8308b6847bb66dcb59cbde9f4
AXP,1d,1546405200,1790740800,1947,b21f50c1dc093d1573bad752e90fef17f278265e8bf316bcfa7020ee87b79d26
AXTI,1d,1546405200,1790740800,1947,f3d87ad94fac31e727b5b87bd90a8c30444c4a02106b3ece62fc01511f1bd443
AZO,1d,1546405200,1790740800,1947,bdbadc26943140fca52470bcf5735aef4c3a59d67fd24f11ab346f09347dd5b0
BA,1d,1546405200,1790740800,1947,54c0bbe09914a531b2229ae016c12f7d57020a3a7479000ac546b3f9dec81dad
BAC,1d,1546405200,1790740800,1947,fc308e822d28e4d4bf23f79806e75bfe4e82e8cda42dd4d07bc945bf01c87675
BALL,1d,1546405200,1790740800,1938,c5da5faf03fc84fb9ef56d3869182b92f3a4f0a0fb09db6175b83499dd0611b4
BATL,1d,1582174800,1790740800,1662,a6b9dcb9322d788007b00c498736e063d4caaf8a58b07f931979e8e3eb39c0a2
BAX,1d,1546405200,1790740800,1938,99ff444d4b229193384ae741c4d9923e93da44dedeb816b8c3720c2af0f6a71a
BB,1d,1546405200,1790740800,1947,9cb2352613f236283808144a4265a6476c53bc3fcf4b71486faa6987ab296977
BBAI,1d,1617595200,1790740800,1380,449811907b81ed7e751907a87f1b59db8665ac1699c0823837b45b93debdac1a
BBAR,1d,1546405200,1790740800,1938,1f070438b68b34fde85d93130b7cf3bb20254a4f08b65bbcce9c8b06a071c7e9
BBD,1d,1546405200,1790740800,1938,097dafd256e9f620f2fcc162524efa1ca467083f02c2f70a00e0ab605a7f0bb0
BBWI,1d,1627963200,1790740800,1296,73b0381ab678192537092d16535ed146f35cdbca6465f8f6599fdf14a4ec44b6
BBY,1d,1546405200,1790740800,1938,f8de3bab3eccd87c99777ddf1611e9c49ec889979107e96276d610c03e933131
BDX,1d,1546405200,1790740800,1938,7c9c459fb5da87cac9da0d2ab2e52027097d321d6ff78d177d4bdddb23e7c608
BEAM,1d,1580965200,1790740800,1671,b4732a693536241542d9bf43913262f14d0c922b522ba734a827fe2ba7389f92
BEN,1d,1546405200,1790740800,1938,d40795c35e944c510394b52a73a6760e13cfda1fae5df4f13d0dbda869b396ba
BETA,1d,1762232400,1790740800,227,4c89eba06fecad4bc6cfd566b368834cebbbfdeae5b2c2244a0e1cadae144424
BG,1d,1546405200,1790740800,1938,73ce797058ad9f3bb96dde50a9e97213ab2054cc5d548f996c9acabbe0ca00e3
BGLWW,1d,1750910400,1790740800,317,7a118927dc84418fd6992aaa48655a092b366203c26a345d11670c8b25578311
BHVN,1d,1546405200,1790740800,1938,494a23ca6cd1cc223be4c678a98e7aaea2833dc7812af40417bf4b8d02ceff3e
BIIB,1d,1546405200,1790740800,1938,f15fdb7500d42a46a2b963b313d610716871d70a358b50c358479a49c0394e69
BIYA,1d,1742529600,1790740800,384,f3bce12e538d53e1f6f3b3652c523659f43fcee0c4515a7e88c88079ce426ee3
BJDX,1d,1636606800,1790740800,1225,25d18ddf68aece838f47481900e1698f2a2134403df833326328cfabe2466673
BKD,1d,1546405200,1790740800,1938,3d7bbddfd06fb61814865c7cc276351ca7b8a1230b5460fe3ab127654122437a
BKNG,1d,1546405200,1790740800,1947,0524aace077c5f448cfc2b516927fdc15b071ac0ee03ae2b814884645152db8b
BKR,1d,1546405200,1790740800,1938,40809502b5c83e08bd0317cfa899189ef12861face747e772bf790dc74c13567
BKYI,1d,1783483200,1790740800,60,41ee12aa9f8b10483237c493134c9c53690c8847fbc0bdd9724869cce77cff16
BLD,1d,1546405200,1782792000,1883,9975f58684d209081cf417581f1a515e73383a7bbbc5eaf8b62ef436e312119e
BLDR,1d,1546405200,1790740800,1938,b6a1b5a019181a068f60689b8f9f13d2816848bad0072ed35a698e3d05ba06aa
BLK,1d,1546405200,1790740800,1947,2d58efea72a15c66ac673ba27ad55d3ceb70af840bfb0ab9469bd63709bcc290
BMNR,1d,1749096000,1790740800,332,30a4389ce1ba26f4eb07a9ccf0700666eb8b031f414388a778d48e6e6690c6f8
BMY,1d,1546405200,1790740800,1947,7179066c92b07bd5db7fa588d8b0228b1d3e2343fe90fd0b17bb22acec29a55f
BNBX,1d,1546405200,1785729600,1906,7ba66c84c662dc37a2c2b9eba1d7944e784f93d99e2fa713a0cb4278f20781a7
BNCWZ,1d,1776225600,1790740800,111,9f7ab1ff0cec99fb9edeedbf8fc477b00751e5487d1d79151e14c4a77adb932b
BNO,1d,1546405200,1790740800,1938,41ec82a239422fb0636670f51486d46fcc3ab48a6d060a24d40386acb729f5e0
BNY,1d,1546405200,1790740800,1945,f8ac9b37e9d31cf5d11d911259f4d05061ec8f9c76bdc61b6a8c10a7e1d63af4
BP,1d,1546405200,1790740800,1947,36fd48e1dba7362a3c333e8882cd7f429999bd1b9594878485a0f80a21effd67
BR,1d,1546405200,1790740800,1938,dc18c41473d442103b83d3648f5171f21131653d483e8d6938597cecc55dfa5c
BRAI,1d,1770872400,1790740800,159,5b2bcd465ba25af2f8eb261c073cfd89a0c68a50b3cd9eac90f9a9f68376a1cc
BRLSW,1d,1633492800,1790568000,1234,f879245cef7d08eb47b38d324150439881a964fa0eea1ddafd5261df873c7eec
BRO,1d,1546405200,1790740800,1938,823e23cb98316d8d088603a1c116e0fc74dab56565f8940a5b3881b05a5bcb04
BRUN,1d,1735534800,1790740800,439,2a64cb813e28441abd59678f6edd8ea6f929ddd06666cfa827dae061e7929c46
BRZE,1d,1637125200,1790740800,1221,05c0b875aa13220fd814765359b5f4a0d552a5f29e6ffbdda6d6e5614e81b72c
BSBR,1d,1546405200,1790740800,1947,d7f9c1bf21903d5beb170208cde6e6518f761a7e57857ec18d34431c27a5e56f
BSX,1d,1546405200,1790740800,1947,5cf83e6e63da1488b9b8256bbf4323acfe881fd2fbfe7528c218f68663c3e93d
BTDR,1d,1627444800,1790740800,1300,355d4f195627b92f2604e22eb97be8e0889958ca98d516c505e1431ae89b416e
BTE,1d,1677128400,1790740800,904,b4ddc9b36277f95e327a845a15f6a942e071e0fb30c81988b1b88560790f6995
BTG,1d,1546405200,1790740800,1938,8204b5e59d810eb43025f41e794922972e227367a1de78f032d01482bfca5575
BTQ,1d,1758859200,1790740800,254,99778724725fd90d403a3eee8999d1c651217f1cda746a1a654e2f7dd733a55d
BURU,1d,1675227600,1790740800,847,4c76f4fa6aad5802c3728db26ab6db7a140ffac7df74c597b4ce4be0e39f4d68
BX,1d,1546405200,1790740800,1947,2f77b63cda531ed4830710d71d37b0b613320b4cd21f67264d00d3c2b629c8a3
BXP,1d,1546405200,1790740800,1938,8f2372b2572b6e2be461dec74b3cdbfd053aa277b17fc5f6a90e888986a34a58
BYRN,1d,1620187200,1790740800,1358,8d3ba6b90240fcc643f91f7dbed8b72d5a633262e649ed3cb7c789ff7eb0a03f
BZFDW,1d,1614920400,1790654400,1394,02b65f73ec5944c8990273314c8df23a4daf8a4640c01a9370abb4d5a572ea93
C,1d,1546405200,1790740800,1947,27b8c5b42b3f1cba22bd76dd55cd3ea62d722078ae524d040fd2f9b83bd02adf
CAG,1d,1546405200,1790740800,1938,db1dd4149e2c02fea8d82857157e8532f0a348fadf981a9198784564c964ab0c
CAH,1d,1546405200,1790740800,1938,9b3ed037425b1b8cb73b9f66db8f5521c1c6331153ccb655c940f3bba4a180ba
CAKE,1d,1546405200,1790740800,1938,e0dca26c67dbef8ee95deec90034879c58a52dddebfee0217dab911c96b6fadb
CARR,1d,1585886400,1790740800,1631,3262a4b54312836b3bca629a6ec381e92d63673549217e9079c794e2fcf7bf81
CAT,1d,1546405200,1790740800,1947,66d228a1594895b1674ccdc4825d4ab3b954a3c3a586953f7ce12307144642ea
CATX,1d,1546405200,1790740800,1938,cf761dbd1c09cfcf098edb1563027f65956a7861ab3ec07e584129431432260c
CAVA,1d,1686801600,1790740800,826,5dc114fe92ea3e233f8f519f38b87c959bd14977fe7d401a65d69e83ee5efdad
CB,1d,1546405200,1790740800,1947,ce50ae4db7c5e7f3202bd90c2971b88bfc92e47e048d24a80815bff4c3f4d86f
CBOE,1d,1546405200,1790740800,1938,68ec22a5f0053a75039dec40e06552014ffee5f6241d035c29570cebafb4b265
CBRE,1d,1546405200,1790740800,1938,c4d754d4ddb2d85605d7fc8300a385e03143a7385793f6d1d5350625d2b17ebe
CBRS,1d,1778731200,1790740800,96,8d50d3ed3ecc5931904204e62bad29e25976805b6aa0e9705d84590151ff9e28
CCC,1d,1601870400,1790740800,1504,0764b794d6682c951b269a8c4fb2132efd5eafaf81ff3054ab9942f65e7a2ea0
CCCC,1d,1601611200,1790740800,1505,0f73a96df6cc5cbc67ca936ae4b9ad3329840c5daf14b2018bd78920e1f0242a
CCHH,1d,1759464000,1790740800,249,0e8f12a4158a70b9ea9e3c02aaa8ebe692404f0e45712ef675b3282e978cc554
CCI,1d,1546405200,1790740800,1938,96f51aef4e3518f821c07323bb491364306f2049990e814f634ea0f6b38454a3
CCL,1d,1546405200,1790740800,1942,b82e2e9a3df97ebc5594881100c132ca6345af2138fb80ee666699fc3487a24d
CCRN,1d,1546405200,1784520000,1896,ed64f9b6309197c7e0f3a5f690b06838595e720ccabe4322e80915aea6f468cd
CDIOW,1d,1642136400,1790654400,1169,2d5a0f367cfa2e1329bdd9746a342956fc769f5144e84b9b5c450d3b95f4242b
CDNS,1d,1546405200,1790740800,1947,918b3160fdef80422dbaa72ff62b84c363746e0fc929590d22052155dfe16585
CDW,1d,1546405200,1790740800,1938,82c492fa3856dd4f96390a06045d328d0c87eee11a00580268a1702e70cc77fc
CDZI,1d,1546405200,1790740800,1938,f768d369115b56286991e1faaa67fee9c23930ff89dae8194f9d24ff7dc15a32
CE,1d,1546405200,1790740800,1938,c0e7b1b53b795bfd87aca436edf167fc0f36d1bbde8e8e374415676bb0caa07d
CEG,1d,1643778000,1790740800,1169,ad579258c68019d0642fbb7ff1a8912a908c4a18be0fd93a2be61474af7d9053
CELUW,1d,1563508800,1784606400,1760,1ec8121656b822a7110a48dfa389618e0246faffe6299ff510363702d8e5cffb
CEPT,1d,1746158400,1782878400,292,1318ead45c10e2679d1df3681331977045baf9134dde46f63ca2ebe3ad3df663
CF,1d,1546405200,1790740800,1938,8cb5f2db5e6dcd7b26811cc6eb3143fe6b14f0cbeadaded101810553870e16eb
CFG,1d,1546405200,1790740800,1938,668fd3689d371f788c0a181be07324a78703f20ad69c908bf8af9cb7b38174e9
CGTL,1d,1732597200,1790740800,461,049f626a46c96127cc9bfcb1a5c2bf98741240fc09a8460bafc2cb455cd1df5a
CHD,1d,1546405200,1790740800,1938,1677b009fc526f3039704ec0badc743881b3bcf25f6c67679d0cecb73c9b632c
CHRW,1d,1546405200,1790740800,1938,831ece5212ddf9bae20d5ec340b7495b3b9c16d2ba05048887dba48c02e4c4ac
CHTR,1d,1546405200,1790740800,1938,d1cef3b9b9be462ed914402cb649c24fce8b4c3490588ab68ca6fe54d6215295
CI,1d,1546405200,1790740800,1938,eb930add580931f61dc2dc19e4795f70a87bac35034a40c3f610b69b1b5f3a58
CIFR,1d,1607317200,1790740800,1460,3494e1a787c11957cc348a75272eb1eb3470cb02639618ab771f90c0181dcd2a
CINF,1d,1546405200,1790740800,1938,cc17cb576a383052bebdaae009ca83964fe1522e7c5b80300dc6fc2ba061171b
CIRC,1d,1733893200,1790740800,451,a01720bb97c4707a6f7f15bd5902ee3eb2e7083a5349dfffd05753f7cf81182f
CL,1d,1546405200,1790740800,1938,29601172f38f454e0973b6d79d9412113558dd279f098e3c85fc1f5c31701168
CLF,1d,1546405200,1790740800,1938,c66660ab49787bb8b93a807572cadf7983d1d22d8de7285009fec12aad640059
CLOV,1d,1591934400,1790740800,1583,f2793a42707e29b0055139ee34c62d306ad362dc54ce4efaec5f02ba683d4301
CLRO,1d,1546405200,1790740800,1947,42994210eeafca6f5062a07a697469a67561b0e00bd2302b301907ddc7a0444c
CLX,1d,1546405200,1790740800,1938,a5ad87ad6ddab65dd97be6238b99808fc88b8800b1d4c7cd90b287c5c4db2ca1
CMBT,1d,1546405200,1790740800,1938,e29e79af46a7d68e822a0e1ba0daede42752614412b5c3e2fe97efaaf6e382b6
CMC,1d,1546405200,1790740800,1938,4e149f2d0be6afa3e07f6e6b7cf88a8673d121aa61207c68dcb32070c7b68007
CMCSA,1d,1546405200,1790740800,1947,8535c1a2014bbff9b8aadd1b998c59f121cf1d752b0f7503bf62f3667ed092c8
CME,1d,1546405200,1790740800,1947,86086ef5b2b87ccde96a6d89a651fe81b50c79c1cf177abf51d656647179d9fe
CMG,1d,1546405200,1790740800,1947,d51f018e62280fde36fc0fd16ca35947cf696746e951dfe71f0ab36d4c21c5fe
CMI,1d,1546405200,1790740800,1947,95f3f4dbe6a210c5299a9704804447eddafeb0c483357c7bfa1b58fccfce1f24
CMS,1d,1546405200,1790740800,1938,7f8c05d9938615f606633630cecc39cd1a7a23f99983a42965f8868d5ada3211
CNC,1d,1546405200,1790740800,1938,2135731818dbfe77893cfeb6891434fb1225e89ad631888b6649d2599e6f593a
CNMD,1d,1546405200,1790740800,1938,127957daadef9ec56a83f01629fd59f33578f0371706183b1fbc014eed65034a
CNP,1d,1546405200,1790740800,1938,a6143ac90f11a9acabc194523a38d5b1f790295afee754d0ded9d70a77c72397
CNTA,1d,1622174400,1782187200,1265,5047ae4c197cb14c6fb74835c033507916520e568b00378710c8ffbcc1c03ad1
CNXC,1d,1606194000,1790740800,1465,a5c2de113e8da4d08388f445a5f07c003d59c041b380813322a4495adb7d66e8
COF,1d,1546405200,1790740800,1947,c897de72edf03f55a972c8a0292890a5c602a85ef5a43436a4c4f092db437e63
COIN,1d,1618372800,1790740800,1373,5d0571a0234e431e70ad470359fdd32044aef93280521fdd805c2fbfac2b9299
CONE,1d,1595822400,1648094400,420,76f33c794047dba00e410e9acc6307efc5011e6f4a00c3b9073bf46dbaa910e0
COO,1d,1546405200,1790740800,1938,c6aa90deeb88246a3b336844116eb44224139d1e16ca755ac605f22507d6ef11
COOL,1d,1613710800,1790740800,747,d9a9e66676b5494167130e7c6b5c2fd8b09608769c4ca3d10c85e55926d090ea
COP,1d,1546405200,1790740800,1947,7d7446b78842490357625ac791b247f1d8afc23db5e1080a6e567ccbcca217c6
COR,1d,1546405200,1790740800,1938,cc9a7fa856d695fa82bce1ec70392fd628689d2ae3da63db9979d0e72894a718
COST,1d,1546405200,1790740800,1947,069ac9114e7da4e183db0c19e5044c4cd4595bb8a4139f4dffbe81b9c2e6dff4
CPAY,1d,1546405200,1790740800,1938,4b80a8d09355303aee8b14ef461ea6e585a25c4c33c4fd64b2c552f3a0339656
CPB,1d,1546405200,1790740800,1938,4d1ec94aad4c206294ac08746937c7abfbcd6aab8975ca9902ddf18ee8f00a6d
CPNG,1d,1615438800,1790740800,1396,288ffc55f0990f7206d3525b9981d7e2667833263c361c9b6266fb04b7a5adda
CPOP,1d,1625025600,1790740800,1319,729e7738ccd8901b8ad9acc99c6754d8eb4ee58fd215dcdda479da1f2e1d4266
CPRT,1d,1546405200,1790740800,1938,88012fbb400291a843946765112c6cca3306b7cf79e95632a4536a3a7df96f5d
CPRX,1d,1546405200,1784001600,1892,ad408ac4d5b84e7542ed84a59f5e051e0ebe0c49dda5f2cbeac2bb3975864051
CPT,1d,1546405200,1790740800,1938,b2dc12516a4afdec160c2ce6add0dae745c2105a9829147f7d35591484f5b422
CRCL,1d,1749096000,1790740800,332,dc606e218d2c4b4f9d40442caad896de26fa839f84cf2771f7084b9103b2db3f
CRDO,1d,1643259600,1790740800,1173,cf8b481e9891c86e119d9f8f54c4552dfdd80f946e3720c7706f0c5d0e90ef3e
CRE,1d,1753243200,1790740800,300,c25e36c87d0c02577a60754b0d3750267f726b07d878caffd6ec1ca0881cfdcf
CRGY,1d,1638939600,1790740800,1207,f07ac32bf090a24fa34bbdd6f266f14249f51a448805955b7ec59625179f7e99
CRK,1d,1546405200,1790740800,1938,124de0019e3c3f63975213c81e98474d0c422b7f26d8a87a56318391d59c52f7
CRL,1d,1546405200,1790740800,1938,49ab0ed8e169355229637e36fff7d575f6cb8aa7b066b5061168fd8b934c344a
CRM,1d,1546405200,1790740800,1947,d1ce47a39bf84c1a3244e71af7b2e6ab62a3760532d0543f3a89a1ee24f1e3ad
CRML,1d,1644210000,1790740800,1166,43ec543f841677bd041a7a2eee1a9698c5848f72d761d4657a3a3644437d1f3e
CRNX,1d,1546405200,1788148800,1926,2c6c026fec2189622fc6d9abcf9e4839ed8180f8aec3cef293e55397a23965b4
CROX,1d,1546405200,1790740800,1938,4393f40c154e52dc1eb0699dbdeeeff6c0a46cc6c5f2e0c9ee873c1e3aeab401
CRSP,1d,1546405200,1790740800,1938,6aa080059c99ffd1ba3381882601a4f15a6eaf967accb3e12979ff0995dcd2e6
CRWD,1d,1560312000,1790740800,1836,2688415e3a7e1cafab9e7f3e1657fe6714eae148e4f7d607c2a6e63755659263
CSAN,1d,1615438800,1789704000,1388,5dc89c0ad4b7bb7ee2055d745177bae15735903110a8d98631674a173029c701
CSCO,1d,1546405200,1790740800,1947,7600b4fde8c1289b61aab902a9dd482d1212eec5618d35f558204ec7f13396a1
CSGP,1d,1546405200,1790740800,1938,8ae1b9c4915035e69fb171c4d96914bc1fa994d11971f9c4eab809d07256119e
CSX,1d,1546405200,1790740800,1947,e59d0f2652ae0608af58f155c83e40b4de907155f0e77e4fd0981f278dfead4c
CTAS,1d,1546405200,1790740800,1938,5e570998a478f3dd9e5a1eeaf066ea881dce8394e7e582303a229636ae6051a8
CTSH,1d,1546405200,1790740800,1938,c7392503d39fe11e583eb8b5e46cefb921666b434194553f5c0e82509b34937c
CTVA,1d,1559534400,1790740800,1843,3b4dbf237c32a230b3be01510e1bf1f9aa67217467dd0937f3f69e73f3d8e9c0
CTY,1d,1595908800,1607662800,97,9e1025e1e55691997d11a2c0ac733cbf14051cdd4a4773f15eda81448f8d6570
CULL,1d,1626321600,1721361600,608,933852df3ac16c6bc6999ff685f17ef9097b4981666768fd446195a96519061b
CVE,1d,1546405200,1790740800,1938,72f9145aabe5f73db7e200f7777a7fd74e677c3f0101db369f86554b019381b8
CVI,1d,1546405200,1790740800,1938,074999c9eaaa7dea99b5bd88b63ddec52d15dbe4f0123750d4d55ba9a897344b
CVS,1d,1546405200,1790740800,1947,b46f8b563e9b85af0c6ae0fcfb4c02362d748dfb801622df7c17430226224b14
CVX,1d,1546405200,1790740800,1947,89847f6dfd87f858ddaebd2b62fc7d73826ce56cae246ef9db09817570f0658a
CWAN,1d,1632456000,1782273600,1189,b5d9489d3cc03cd4b47222883473dcc8a7eac63753dc7cab5481410149bc35e3
CWD,1d,1684296000,1790740800,846,8402ead7a0c6b13aa5dceba89fbf9cd13b09db88d95c54c6aefef233dafa90f3
CXM,1d,1624420800,1790740800,1324,155fcbd2a7d27df25b6945b3c8b3ab4b0a62b6dc9ce4ff45a35ecce433f64e68
CZR,1d,1546405200,1790740800,1938,a64db958152c5290d820d9caba292a21e4da9b3393b5b2e19e4b0f266cf22089
D,1d,1546405200,1790740800,1938,700aa663b23004c67a1661c4c627d20a149ca6985fbb5752fb2c9d2d0f918e20
DAICW,1d,1750651200,1790740800,321,bb25438d3ded93434189ae3fee0ec99cdd9cde4c890c1a54d6126b7fa992cf34
DAL,1d,1546405200,1790740800,1945,ed8ccc22210d86680ab59a60fda25f58e5825b7d39570fc2f4e3da1fd0be4235
DD,1d,1546405200,1790740800,1938,0c10af2ce3a90a56128cbfa88ac646f64319482068fc3d4cb186838577618bfb
DE,1d,1546405200,1790740800,1947,a664aef96d6f189057c1974d76390368e8b0b4cf8250df2abf7841c29f66c49d
DECK,1d,1546405200,1790740800,1938,62bc432f2d6fc1cc652be4c27786a93862e2741de2a33b0c7486b8cc3774053c
DFNS,1d,1595390400,1790740800,1556,51fada2d0add5b9da066449b5abf0197b9371605a281f8684d6c4b6ed45aa313
DFSCW,1d,1670389200,1790222400,938,5dac676f9aaf5dcbb6bcd6e6cdcb6a9bd1f1700b3e9ebbfe79f4602b70cefee5
DG,1d,1546405200,1790740800,1938,a38dddf6b643bc3a9f2482781f4d79e4905e00a9c3814cbd74c26b59176544da
DGX,1d,1546405200,1790740800,1938,77b38bf71a75fed7ab814594bbd165a7ee4ec95a256b4f2e29a8d337d4d8ad79
DGXX,1d,1636952400,1790740800,1223,164bc5880f3b469ebbe907b32e3e82ea66359dc3d00fc12d444fd7b6548849fc
DHI,1d,1546405200,1790740800,1938,7def58c4d09774ae0cef8e88629c002511a8f21cb154a780a78ee744fd9eded3
DHR,1d,1546405200,1790740800,1947,a0af2a108377217b3990e734d0cc4f2d883af268abec2a4b83e7a44ae066cd82
DHT,1d,1546405200,1790740800,1938,0acd9a159db54a71b035cd24c19761f58107251e049fe55bf43049c653142919
DINO,1d,1546405200,1790740800,1938,2cecedb19884a2557dcd08b1569623f711dcbd4322f8d1c89e915e18c1a60a6c
DIS,1d,1546405200,1790740800,1947,f03e22f3025487b908981b6f8f67428268ea31d3db87c57e8e05923e8aabfade
DLO,1d,1622692800,1790740800,1338,8931651e208838a11e7ed0fa0207d44cff82c41d91ea38373399ef943bb8bb93
DLR,1d,1546405200,1790740800,1947,cc8ff54be011be9fb6a40cb037a790d20aa67425184ef57c1c8259fb4196f9d7
DLTR,1d,1546405200,1790740800,1938,3bdc828c405719d79649e3b40d9639ac858d687a3e686f5e49837fe722f41fa9
DNA,1d,1618804800,1790740800,1370,64234b94f1d1069a9b8b0ea65dca9784f103d3bf046c9575b801313607a5ef28
DNLI,1d,1546405200,1790740800,1947,daf6d5c9bce4fff6321538a93ac2aa69fb9c807fda3d337066b57e0e01d9aa8c
DNN,1d,1546405200,1790740800,1947,9e9829b7c100335b5571933a0aabaf06b99a812589cb9dde1d7278d5f634f61f
DOC,1d,1546405200,1790740800,1938,ddfeb23e8fac9359f9faa627a750dcf7bc7f7bd50e30e075b6e7603cc81a3667
DOCN,1d,1616558400,1790740800,1387,b74c1aeb1064928ac10f3dc0fc76a42554bfe5048b2b0cadd54b784dd652a1c1
DOV,1d,1546405200,1790740800,1938,2dc3a86dc3eb0e94d3c196deb3f069aa306d95907f42d66884074db4bd15cbe9
DOW,1d,1554177600,1790740800,1885,e9b224850698f6efb55c74d798155cf8cd0863c06965869dcf76f56978401445
DPZ,1d,1546405200,1790740800,1938,11362dbfab9b59240386ca2a29a7e2a7fd68d9dc9532447c7e56b9a7a2e3e06b
DRI,1d,1546405200,1790740800,1938,17c153034a8e40618416346a5d76b3a8f68fdde198d56af35e0ee6ab9a348b28
DTE,1d,1546405200,1790740800,1938,eae171dd9a9c843e7652df7e47e0cf7c903d315e63cd513a13cd603598f38057
DUK,1d,1546405200,1790740800,1938,928f3ec56f8e1d9549e58476a2d27f88adacdd317e3045e60600a67d0aebd4b1
DVA,1d,1546405200,1790740800,1938,690f39c7ad2d69dee6554baa253dadca353c505e5fdc17f431e906402e0ff87c
DVN,1d,1546405200,1790740800,1938,8032d1786ad7db5fc04783018b961fd6003729134a9b07cd4ca66418fca2fd26
DWSN,1d,1546405200,1790740800,1938,0964cec4f86d54f8573a00f26056bc0fa2d2a40ecc9d181d9ff4ba187dd85adf
DXC,1d,1546405200,1790740800,1938,37140e0cd3d81af5107d3431f5cf576b604ae29659e424342b77c458f41ee61b
DXCM,1d,1546405200,1790740800,1938,38bfaffe22b838d062438f92f00e683741e703777f3e4cc530b4ac6c866ca7ba
EA,1d,1546405200,1785816000,1907,38cd0fb49eefc4a81fec50a308ebc443b3098bf50de9e579dea26b1e9c3a2044
EBAY,1d,1546405200,1790740800,1938,7243a6f5639a6567a2ab0e0e1926b5af2495533d1293da4820f1e6251692724a
ECL,1d,1546405200,1790740800,1938,4266b3b34e02cde31bc2396f294a3e283ea1374d7aa32755b80d5911d4ed110d
ED,1d,1546405200,1790740800,1938,2c07ac4ec2f1b4eecadb17a6451da75025b5284310cc6bf3b09a9dc4aa17b0a1
EDBL,1d,1651723200,1790740800,1105,c04ad51dfc8c0b6a5df73df04c94fc4903d795068335fbe61cf4464fa79e399c
EEX,1d,1546405200,1783915200,1891,9787054237d4b95b25afc5261620e3a8ffe05c1de1fbfb067008f50cda49408a
EFX,1d,1546405200,1790740800,1938,ebd5c60fe66a49a1ad295e4cdd3b0b26a8e85f9c2767c32bf7fcfcdd9df44f0f
EG,1d,1546405200,1790740800,1938,2ce057542795aa141cd4c153deb64aabf198e70e932bd959188dfd5025dd8e82
EIX,1d,1546405200,1790740800,1938,88db1296fc2791a92c4cb9784c764af14571a4368db77acfa1cca51151d3ebe5
EL,1d,1546405200,1790740800,1938,8a4b91718194138c992d8dbe8ac73a83be08b4542d6c734ad25514784d750ae8
ELDN,1d,1546405200,1790740800,1947,60a86b0389231490812967efe2f12402f23994a2be501c138e07d16ff5a50557
ELEV,1d,1624593600,1753156800,921,cbe67380b81d5f567089650194954a377e455257dd78814d10d7afa003e6cffa
ELPW,1d,1682913600,1790740800,858,5451f02fb86db3d04363a8eaf7b8f0747cbe286d9729bc1d6f9a20d1ae049677
ELTX,1d,1612501200,1790740800,1419,96e2f693332d03d3364e97c9fef304791821c574e6d1280e3f5bbb6bc40a0b9f
ELV,1d,1546405200,1790740800,1946,ff07da8d9afbc9e4dfd19dbb1e591b486761f2c8805212a4439f94dfd79ecba2
EMN,1d,1546405200,1790740800,1938,8088c1f702b18b7964b69d7fe8e99e03769636e810fe77efdfc6322ef1b4c0e7
EMR,1d,1546405200,1790740800,1938,d888d6e4cdfa6d9a9950a8cca339493659c944d2c6b750f0e5c3136de36ef161
ENPH,1d,1546405200,1790740800,1938,1bdbd9af861d94ecda9763286b45664b6099238a0ecdd71b59cc722ab0557455
EOG,1d,1546405200,1790740800,1938,1e00a8465df0a1f12cda8b04bb9935eb04f35a66e1cd3ee0f8de97a75c9b6e2a
EOSE,1d,1591156800,1790740800,1590,337aa71ae11a5ccf238a481262a0ddbd179881919c6fb1227b34befd477392a0
EOSER,1d,1783310400,1784520000,11,aaa0eddbd7dbd0cbbf0622322855b79b764239e32774ee6b9263ba0cfdb285c9
EPAC,1d,1546405200,1790740800,1938,9bad0e27ac0b7bbfd1ece62221ab05c48f8a6fcc592c7bfa7419ef4d4eeb0929
EPAM,1d,1546405200,1790740800,1938,cc853080ab38752fc66479b8b3e05eeeb6082bf3536d3ac5ac3b6a510678a365
EQIX,1d,1546405200,1790740800,1947,10b2f7cdf36c7bd9d129c197f1896a36bf5ac31c354dccbef0a7c00a2022c3d6
EQNR,1d,1546405200,1790740800,1947,cd3512a3540a1a6268b6fbb00c9ef2c95b9bfbfee4b13379078d6d2c4f60b644
EQPT,1d,1769144400,1790740800,173,1ddbcc2c01726eb68ffe9443f916d3dedce66761676c3ffe9dad7534fc970e2b
EQR,1d,1546405200,1785816000,1907,ac9da107e159d7187b768147f0299d1f5c0e2f127ab4de7f55021f162aedcc34
EQT,1d,1546405200,1790740800,1938,43d07ed16ec7cc42202f20b8b2e19c26cca6618cbcd6acb7046d263dcb66fcfe
ERIC,1d,1546405200,1790740800,1947,8781001105a5f58ef04930b6393ae20aaff2e284927397d88c7a24d8366c317b
ERNAW,1d,1770354000,1790740800,158,3e59401f23b94544c21a91f942f8897431fe683b3ef6784663252d823ec980f1
EROC,1d,1781064000,1790740800,78,7e487ce8ea58858f162b5564e29a869449ac9d9df0810990c774fcd1bb9e071e
ES,1d,1546405200,1790740800,1938,c2facd4f12e07d42f6e1e3b4d84c257e1ec4bcd59d1fab8481bc4300f4242b9c
ESPR,1d,1546405200,1783656000,1890,e2407a0ddbcb0c6c7501a62a42012865779b66ae9c95237f2e9751ec933f0e11
ESS,1d,1546405200,1790740800,1938,d07f0a6023a52bb64b4cda8004ee22c2b41f91b21fed328247e21baf2ea2f241
ESTC,1d,1546405200,1790740800,1938,1ebe144cbb1f9c7a832dceac1f3eab023823c96197bc3c81cde4801c3a18063d
ETHA,1d,1721707200,1790740800,550,e0b4f89b48dd0aa156af585b5a4eafcb0d871cd0ce3d12fb86512e943bdbbdb9
ETN,1d,1546405200,1790740800,1947,caa49ce367c6d11135de60d31877799e424121dd9d7619122128ef149aa9b04a
ETR,1d,1546405200,1790740800,1938,5cff1897708215f97baa6e6e5e8e995a8be6ea2a5c7f5feea3ec4e3842882799
ETSY,1d,1546405200,1790740800,1938,b5c0fccf48d4f5427609439a13e04a8257e718514a079feaddc5be82bdce3b2d
EVH,1d,1546405200,1790740800,1938,b92844322998432f52a5deb615859afc4f1fb72a371b24db68f9e19e4704a3c7
EVLVW,1d,1600747200,1784174400,1460,dde487d082ed4e693088604fe4fbf4f2df9caf8ac638b737b11d381729b792d4
EVRG,1d,1546405200,1790740800,1938,417c7ec56c146fcc1f9b43a6502e03befdc5362476cded1084d5f738357d681b
EW,1d,1546405200,1790740800,1938,16b3107656f76e8bb72074f11b938ce54e202e1e9307de02f743118269eabaee
EWTX,1d,1616731200,1790740800,1385,aa223942efb021a33f287c36765f31a1c3b59170fb1f20b4ae12fe220689f799
EXC,1d,1546405200,1790740800,1938,3ffe8946d071447085fced1d634ac78348dd0547b70702576f6077d827c63bd9
EXPD,1d,1546405200,1790740800,1938,2e1c3b88dbe19efcd2223257c2c95a1a8d9fabbf8796f295630549324ab63a0f
EXPE,1d,1546405200,1790740800,1938,1e1dc4ec07947e7507455f3b524261398bd3b19c9ad574bfe3b9efe01076ac81
EXR,1d,1546405200,1790740800,1938,cb986afbb22d2b500961814a003bc12b9cc22cb299eaf135f1b9e5f57a0b865b
F,1d,1546405200,1790740800,1947,79296df48115cb8014325b40d7ef005c11ebe2b96964c78083d0ddd9d4462ecd
FA,1d,1624420800,1790740800,1324,29bd54b2c6dd13b854df7302888cb573bfd493217a498f0e0151e302212b4c34
FAC,1d,1750737600,1790740800,320,c58f506b404f1170a421dadfbb7996e20fe6dc3e81514768382908e67f8d4765
FACWW,1d,1750737600,1790740800,317,0a5c7367ad313435caaa05c77a82290fb6c729792d8606cae3fb3f88b0614c07
FANG,1d,1546405200,1790740800,1938,ca047cf73825e8f7d821431f738514fdad7e0ae8560c56a776d6f47944aec691
FAST,1d,1546405200,1790740800,1938,82f35d63f46be1421db68febf4ebb70cf2063857d78760ad5eb6f465fed9140b
FBIN,1d,1546405200,1790740800,1938,cf26c3af1fad76749397cfbd8e39fa87f0d4a1466065cf87384aa59044fad18a
FBRX,1d,1546405200,1787716800,1914,dc0d7d12350f00fd2bf1115fe3b3fdb78a6e7a67c048f768955aba866e707d7c
FCEL,1d,1546405200,1790740800,1938,bba298476adcc71034f5da2e4381d0f7b46058da9029badb3c1aabb411c7522c
FCX,1d,1546405200,1790740800,1947,10bdd469baac8c0feb75ae1887e4d2e7b5c3b2d780dda725bbad3f41fff24d16
FDS,1d,1546405200,1790740800,1938,b69509e33552ee68a4d9ab3269480ce5f50bcbae6dc6904f6060f838f7618c5c
FDX,1d,1546405200,1790740800,1944,4cb6dfd5ce224ce2bf8dc96d3746a3720cf841a45dd016697d24f3f781aef4e9
FE,1d,1546405200,1790740800,1938,8ff9318ac9e0617663d1c85959e06578cf78e652fa82b22e565b6cd23d5dfe73
FFAIW,1d,1598587200,1784520000,1478,73a8d6a1df7ad59501b34c18aa4b31fc8428586ae4dda198242b0be499e6475b
FFIV,1d,1546405200,1790740800,1938,8c462f7961449a4ff5aa1e62ab3a038f275b2bc9e1d05b726ab08c09ed620cef
FGIWW,1d,1643086800,1790740800,1044,8dae88303d3ed09036021e9ea2d09e8b2aab6c800b5fbf2431dda7d61b171be5
FICO,1d,1546405200,1790740800,1938,c5d8ba4a2089591ed3dbc762c4f4f73071eeab76a6253819e9ce8d242e0292a7
FIG,1d,1753934400,1790740800,294,c0975c3cb2990e902597074e035a7c48630be27aa2973ea9394f2ec5c4cc8d5e
FIS,1d,1546405200,1790740800,1938,d5808b82f3db8d6156864660062d6ad6f6902ea79e63268674daf283dc100999
FIT,1d,1595822400,1610514000,119,9f54e09652d02e739d7d3dbfb6f1394f3ac6e4dd86ebeee0e2b15bc04727b49b
FITB,1d,1546405200,1790740800,1938,d90001f4e1273d05c81ee4b00b5ff6b8ab64aee0a0bd97840ee669a61ce3a713
FIZZ,1d,1546405200,1790740800,1938,f22510b20f8056b84b156b3f44e8e33bf3724516431b489b72f61a1f0748112c
FLY,1d,1546405200,1790740800,931,fb4fd03fc060eb881c6cc4a74a20b6abe1b000a0205bea571d4a91bbaa392e2c
FMC,1d,1546405200,1790740800,1947,be9cefa60581e1074f3e59bbfd01bde0a0bc6fca4362112ff4cf0b529cb74009
FOX,1d,1546405200,1790740800,1938,e5debc408f36d32709e19941adf8a7716742bb3b92f65ef8047a1700013ef29d
FOXA,1d,1546405200,1790740800,1938,241de04d68f4e2e43c56bc424223cb972d0fe9b7bf42f85d2efee16a301f8112
FRMI,1d,1759291200,1790740800,251,4f9cd4f285451ed5ce8df2cc85b524cce7294c1f7e33343de88512bf8afce7eb
FRO,1d,1546405200,1790740800,1938,2edb3e67d22aad2412b55d288896f34a03cd0470dfdb63cdbdcb1791c0f99a63
FRSH,1d,1632283200,1790740800,1261,5599df5407a9d5110013c1b83464ef31483eb6ae6c52d1f9abf4dd2cfdf7d2da
FRT,1d,1546405200,1790740800,1938,898e12fd499406b2aeb9a4ec0fcea6b655cdde219100d879efc54733fa9a0eb5
FSLR,1d,1546405200,1790740800,1938,59882d0b60dafb54fec4bdf88c64fd221cff293becc113c0243cf59b74638e65
FSLY,1d,1558065600,1790740800,1853,87ac74cf8ba4f1ba747092d9dca44e19a7b57c887985750c7d121a8b495d49eb
FTNT,1d,1546405200,1790740800,1947,db28906324bef1ab7bd9338607f46922a23c69892555fef9bc8dbb370b496301
FTRK,1d,1747972800,1786939200,309,b4f7259f641c8a3a2466be77e624fb684953b84e5dbd1729cfe5384619e77935
FTV,1d,1546405200,1790740800,1938,d63d889530f98ed59da6805075807f7d686a9381e6df4fdbe16de334c1b868ad
FUBO,1d,1602129600,1790740800,1501,c836d0592b14819d28ca63f8da71a28416c7e9abbfded48e4b7ca8177b20e068
FUN,1d,1546405200,1790740800,1938,47bbd1015fd65d29f4a6da07e63592d8181043a858cfe3a8ef4ad799d7c3ead7
FWDI,1d,1546405200,1790740800,1938,875eb51e48b6f891e7feeb36a2b54ceb67ee3e22242270ad626f1bef8d3a2fb5
FWONK,1d,1546405200,1790740800,1938,a2f9c57bb168fa41ca85a395c591f9bb935aed3c26e530aee460e00a6ecb7f10
FXHO,1d,1617681600,1790740800,1379,2cb59811a81306ee63876f5fd0cffd0a9cd6dd4c93968c0dde3ab6f0e4f88114
GALT,1d,1546405200,1790740800,1938,740ed3b199f92320316c4bf0d34330ef6b879e97175e37d1804fdc39c4451b76
GD,1d,1546405200,1790740800,1938,8709b84493fb109f36161ae8039907d61d3a1c0eac2f6a99b5512842da716598
GDDY,1d,1546405200,1790740800,1938,9ed5feabe3b513cc9d4d8fb5b375514890cdfdb4673932cb31ed4e58c0f80b15
GDXU,1d,1606971600,1790740800,1462,4fbe6c657dbc6dbdd1feff4bc46b47d92dcdaaab75b159ea9bba301c0b4aee64
GE,1d,1546405200,1790740800,1947,ca43f2a318a62ff02296cb7b8aaae1cce81d01817de1c0944927c7252f675a01
GEHC,1d,1671080400,1790740800,950,ed5f1f03ed6e85d86254a95e3c01ba78ded4c5970fb3aaee78b2a6885edf9975
GEN,1d,1546405200,1790740800,1938,3eed03d2604a41c533ace9a4ccc5cf212ad29e0bf39b9222111061f05952015a
GENI,1d,1601870400,1790740800,1504,dc043042472963261d8833c3e0010230bdff8fedb4eb21267c218bdcaf9fb9b3
GEV,1d,1712030400,1790740800,627,8ff824100b0973b020ec5fa3817d486deb9b7b139396209a3ea569d18a53c9f7
GGAL,1d,1546405200,1790740800,1938,2c075fa65ad53f0db88e3981d299f5f13d2b811eceecc6bad8bd2ba493466036
GGROW,1d,1614574800,1790654400,1386,e68cd60798aae404855cdde74fdd91f7332ad17f7ed857c4e911df02b2c4b083
GIBOW,1d,1692590400,1790740800,715,d30b581c3ad1cccd0d11f21bfea3ca447fe32d0c7b1674e601fb168dbb8dc247
GILD,1d,1546405200,1790740800,1947,5ad4a82b0994529523dfcf1f365c0441f2b0066598067f6308eaaa9db696f73a
GIS,1d,1546405200,1790740800,1938,9b49615e9f5e527936b32d37e52a5ed30944f0bfffdb95c16fb897cd64b03cff
GL,1d,1546405200,1790740800,1938,c763d488642a47aa64f08c90f377908135ff6c5945169094ee9d2543c2b752b0
GLD,1d,1546405200,1790740800,1947,5db0d0a460ce768245219b69c208d4312584cde70c3dc8242fe6ada07d6f466b
GLL,1d,1546405200,1790740800,1938,e8ea136bcb4344181b35a1df5d7282dc29cae7999736d930fd365bb1aff7c374
GLOB,1d,1546405200,1790740800,1938,79ac6c5842fcfa5c96d86ed0c1a6eb673eb3777010a339bb0feba132577640f4
GLOO,1d,1763528400,1790740800,216,5cbe2d13afc2647e6a19d3759df4d86054b1fa9010d2200401121a627bb24a45
GLUE,1d,1624507200,1790740800,1323,0a49f0f39cbd8190178081b48d1f4a003d290841a6ce05dfaa2a831409adf879
GLW,1d,1546405200,1790740800,1947,3d3c530c0dec3d80c3def946e40e905e05559596b2a945ed11fd64c56522f4eb
GM,1d,1546405200,1790740800,1945,8bf7df0700cb2f33eccab71240b727d01d4a1e5575e79bbc42e72ab064fba4d0
GMM,1d,1696910400,1790740800,746,4489cc515b9e8b742cd3e351ba9ac093e2af455a945f8b963a0c6ca0523c10f8
GNRC,1d,1546405200,1790740800,1938,61daa51b868ca5cd8e7851200792e6ede70feda8072aeb96decfa68a91e13b9f
GNW,1d,1546405200,1790740800,1938,7e3f76c9cacbc34c3518795be681c6547577c6b8c8dbc9da7f53e0708e61ee1d
GOOG,1d,1546405200,1790740800,1947,3e90d0cc9cea8256c8d6649576a40b9b2063ff6be3c6f9a89f44bb24daff8d9e
GOOGL,1d,1546405200,1790740800,1947,dbd5a1e346570f935fb89883dd6bbb45831851161e45771f757237b90c19533a
GPC,1d,1546405200,1790740800,1938,b4a94c20b011dfb5ef4e9e9e6d76bdac44bd374128aa0093d9593abb128620bb
GPN,1d,1546405200,1790740800,1938,fd7dd5adb246922db36f4af3408b83d7b5a47275cdd30b8fc2434fbf44a11121
GPUS,1d,1672722000,1790740800,936,9c572b86a388b4bd2a1475af98ec785568e10c9a71a82d2fbd862b5359aaf2b8
GRAB,1d,1606798800,1790740800,1464,9c83f77afae8e7eb426259ceebecfe93f6fe977be3cbf18ad6ba1ae8ee71856c
GRMN,1d,1546405200,1790740800,1938,3390238126f8914011f795199224b682c07924598a1178ee27a1915fa7686895
GRPN,1d,1546405200,1790740800,1947,0a2bc9ee90e5e4822b91f3c9fea2110cce21b920dd8e90d05837f0fa47a1d27a
GRRR,1d,1657771200,1790740800,1058,ee99a6d5ffcc779d09987391540e96460f7d08db92a9cfc32a65c60f1e1e5ab9
GS,1d,1546405200,1790740800,1947,803ba36edeb1b2c5e0b45335de15647c003abd27d88ea0b714b53a71d62ef834
GTLB,1d,1634184000,1790740800,1245,7bf1f4c45da5fa431640b4784da51242480fd7e7626094e376547b78a34b06dd
GTM,1d,1591243200,1790740800,1589,be711d82bff85cc0c33991899947dd85ff75e53119f544d0741d8cf3a401b6be
GWW,1d,1546405200,1790740800,1938,c0982a615dc3eff5d6605b1cc040e60a81b3351cf9234a7e69e2055b0ae83d24
HAL,1d,1546405200,1790740800,1938,a9a26f09991aa5480359b9dd17a1f6a812057e696ca02eb4869323b913123a2d
HAO,1d,1546405200,1790740800,955,b87dafa970da55ed7a9ef980277fd158377d956901366cbe20214465732eb077
HAS,1d,1546405200,1790740800,1938,7c511a35b063d3672498ce84ca31ee1a360657191c401ab87fea7e8a18d1d8de
HBAN,1d,1546405200,1790740800,1938,11696b689e2c4b0422fbcedc9ab33a37f3e68a4e6eec740afb3c373e0949d954
HCA,1d,1546405200,1790740800,1947,9a0f7b361119f615c0d85080d39d7b277409067b08215b37479cdbf5106fa07e
HD,1d,1546405200,1790740800,1947,9e3fd0cc56040cea7430ca8bb2244d0fd139f7280ad24bbf90e5f3993f4b090c
HDRNW,1d,1617249600,1790740800,688,d948953bbcc91bf685e4c263876c3f032ef3aa34d9cc2de6dcc123ceea908986
HIG,1d,1546405200,1790740800,1938,5c32fac12538272968d8727004d175be80bc107cfc90e0997ef8a678c4a1ecb7
HII,1d,1546405200,1790740800,1938,1880fb377a3b3fb1bcd3ee7792c34271f6422ec506e6fe456f9fcb7ffe61bb5a
HL,1d,1546405200,1790740800,1947,6e38cd59070a3ab8a3afcebf88315aff3286ffa4d63e62180bfdcefc4c6a3031
HLT,1d,1546405200,1790740800,1947,dab0398e2cfb402375db1f55624702cb9c5f503955c48c7b843a7f15590161af
HON,1d,1546405200,1790740800,1947,261527689139cbfff3295a1f558fa5043f75aefabfa0ae97de138d875937c49c
HOOD,1d,1627531200,1790740800,1299,28982b5d3da967c1760ab656afc3eb94d28bd794b84b0be516fed05cd95f30cf
HPE,1d,1546405200,1790740800,1947,5246a4a789ddd4656a6b07c99e93744097277d2584b306d5731264812ae08740
HPQ,1d,1546405200,1790740800,1938,d1b09a00319f96b7642042a3c28fd5433ec5e64d21217af463dd2d88b364dc3e
HRL,1d,1546405200,1790740800,1938,a1360a6ff00584c468b86ac3ad748d196849af9b44feedd4dc29675d80af6d69
HSCSW,1d,1655265600,1790049600,1012,273eb6aa5d1b1323491b18c78b95ed8bcb2b404a76fc20ff8120c32c3fe56443
HSIC,1d,1546405200,1790740800,1938,3fbca599dbc205b324ea972ca2f8b3e40f87e5547ca93eef1e1c31c16bb42fef
HST,1d,1546405200,1790740800,1938,f1dfdef58e4d37e3d842572a2d66bfeaddcb680b70b79add237416b51c694c51
HSY,1d,1546405200,1790740800,1938,6a1874e2f43699331957baf4eeb02dea25448d0dbafc14171fdcecc2a046d175
HUBB,1d,1546405200,1790740800,1938,ee3f4b255a0f92ba798ba39569364d0c3e7d91a61a88c540f17915438acf3ae0
HUBCZ,1d,1677819600,1790308800,887,359d3013306b96a4707d56dee167f865c71bb11a85f947cc75e8f64aeb69c45d
HUM,1d,1546405200,1790740800,1939,76134fce293e2e814496f5bd6334b99132c8c910cbd1d20e39e31ce83400b6fa
HWM,1d,1585713600,1790740800,1633,efbf0b849dbb707571407adb0062824e249d7b888249bf05faee839e0e7fdd85
HYLN,1d,1555905600,1790740800,1872,18cee39acdd5c5d9541468d17e46c528f283e83523f98056f9e1b1021935f202
IAC,1d,1595822400,1780459200,1471,59ccc25ec69fc6c36f2a2525f11feaca25535310c46776af91fa1bfc4e6c18f3
IBIT,1d,1704949200,1790740800,682,96eab30a1e2f886f8bf81abd54fb29dca432a8bb304d017353687b69d8e78b0b
IBM,1d,1546405200,1790740800,1947,df6eada6e7e2b1f7a90828ebe9c2feebbc0fd4403bf66653bb2b24af80f8e809
IBRX,1d,1546405200,1790740800,1938,0cea9ee32a3cc17742734830aa293c2fb8c1218008a1e3700337ee5236baa4a0
ICE,1d,1546405200,1790740800,1947,26449e3f22989f97cee55359f138ea44e983d6b8a90cec886ca30da0ffd4bb3c
IDXX,1d,1546405200,1790740800,1938,b2eb43c127d32b95998c23337a4a5333f22b9cd596878a8c4a5f7df7cbf45563
IEX,1d,1546405200,1790740800,1938,1ca1c6c7f68c944e6ee53efa8550c751495cd3aed24198132f93ae453fb3bfbb
IFF,1d,1546405200,1790740800,1938,053c9da1cbbf46f8ec0fa3ab0c5fef774b44283deeb0d9fa8c109423cb7cf02d
IMAQ,1d,1629345600,1723003200,678,df5ae568ca4d63ba1c8b6c8a20d1953502adf5f2e57bffa7a6e8b4473e2db9a7
IMSR,1d,1728532800,1790740800,494,312c2ea2d8e739b58d4f326b9a94840187a8442daf69b272a0bcf189b6fa8176
INCY,1d,1546405200,1790740800,1938,a977faa9b07f3d17e42c265efdf1642d9f67db613bedece81316cd3881b40c4e
INDI,1d,1570161600,1790740800,1756,7320b36ca74a034f728016ac6975249944e6238daf2708bfea7972eed729ab67
INFQ,1d,1751860800,1790740800,312,d6ecb624d0432073c12a087c2b3d6fc8020fb4a855eed9707f6c1049dd3a50ca
INFY,1d,1546405200,1790740800,1947,b3de839a262af7b7de2f094b4b6c285da79983e4feaa1cc7d68465d75f85f751
INLF,1d,1735794000,1790740800,437,f254897eb8e1ff228938aed905f39515c9c1724dff23b315e2525a5fdfc71bd5
INTC,1d,1546405200,1790740800,1947,d13c4f3e77ed9ba12f50bc25646c446f23a26f614b747aeed0e8d2e0a2251a40
INTU,1d,1546405200,1790740800,1947,5d33842617006f8c54546a205817462d23f251d3ea6845f52b8ba20709cd4f4b
INV,1d,1638162000,1790740800,1214,76e70ad3af6c2afb8b44290734fcabce7712428119a1ea898a00af77d1a91354
INVH,1d,1546405200,1790740800,1938,ae24eac95a49bdcecde3f4d0e2807ce8f38de1b4b5304850d306755f71a09061
IONQ,1d,1609736400,1790740800,1442,6e3a31da6da5c29fc80651516d51c9dc118fdbf065f28a6f072f2edd35d20ae2
IONS,1d,1546405200,1790740800,1947,1f32893c5ccd0f412cac3f93ab2f239f5d3659abbaf96500426dd803ecb9787f
IP,1d,1546405200,1790740800,1938,f22df6944fef99390644aecf1281b52c3494569df1c13dfe9ee8745294cd4130
IQV,1d,1546405200,1790740800,1938,0aabe559d8db5228aeafa1048f072e535656942a89c4db6409f4a2ecfa84b5c9
IR,1d,1546405200,1790740800,1938,b5d82ecdf7097859721b893fa4a51c2e311060930eb986eb4abfa6ab7b11f4b2
IREN,1d,1637125200,1790740800,1221,ac94a13d93a56878023d890b9cce42e5d223e5fe7491508f8fb6636ecaa62940
IRM,1d,1546405200,1790740800,1938,78c6aa14f1f7206640aee71b9df3e4aedf4e6386a905ff2d48ebe1d0b8e96bfb
ISRG,1d,1546405200,1790740800,1947,73872a755905d6fe588d1e622d149926e85a5b2cf73eaa40483d6881104f42b2
ISRL,1d,1546405200,1790740800,706,4cbb939fc5dc2cd1799601c668c53884981e4aa02900fd41e876bbae897a908f
IT,1d,1546405200,1790740800,1938,aaadcfb22cb73d9e2311900c51ba3b297e95fc436a9696c40fd5fb8535d18274
ITUB,1d,1546405200,1790740800,1938,a5834f2308bf97aec7a248d6dfef979387a7decddfb3a13c661aa2ea49da30f2
ITW,1d,1546405200,1790740800,1938,4c29138c6a633c7cc9bd716097047c5136ca60c226a90b05cc41ccd728ac7397
IVDAW,1d,1648785600,1790222400,1086,45adc84494fd75608edaff16846ebb79ee05c9209fd36af3f16787c50dde4adf
IVZ,1d,1546405200,1790740800,1938,228944956b3a561c2c8d2d047ccbedfac57ac6a52c133688497b070455f81181
J,1d,1546405200,1790740800,1938,56ef2e5bae7246a0a8b3bd6fee971e8c8c778b3d8f9652f157d721fe5f602434
JBHT,1d,1546405200,1790740800,1938,514b5485c14251e3714050ab628d762a9659233a3b0daa957808cc17345410ab
JBIO,1d,1625025600,1790740800,1319,3cb79c74cf1305fc3778c0024f374d7b948ad9d840a0cbd396f24a1517797f26
JBL,1d,1546405200,1790740800,1938,e45fc258b61d69c60ea4a278fa7b5ab4c4cb9f364c97ce44ea4246c736510660
JBLU,1d,1546405200,1790740800,1938,177dc62db0a3d54352e386fef0f8b0cdb53a2a586ad865c4bfcc92d9bdb0f372
JCI,1d,1546405200,1790740800,1947,2d83f00cd68dbec2884ced754bf398417df8c019a957a3a1868eb64be34ee15d
JEM,1d,1749441600,1790740800,330,ee56a65512d0a74a1b832666f59a6f58d1bab2237f4cc00c736cddcfa7672274
JHG,1d,1546405200,1782792000,1883,ba61fcf604650c5756968ebad43ae53c2788fb494de5844562bd0874e47e8bb6
JKHY,1d,1546405200,1790740800,1938,9542f2e097aa835c2be49c394620919be85fee557d2c3d242f08b5fc645e8a40
JLHL,1d,1750910400,1790740800,318,b6f058362a70520d12ab4863560bb2f70d14f2f5c4874df5870674dc8b06684b
JNJ,1d,1546405200,1790740800,1947,2a59e9ad736b483c10661ec725d429d159300e0dba6e3b46d8e3aac6bb25e8bb
JOBY,1d,1604898000,1790740800,1479,7760044cf63dbebc71245bc64262da202d6a64947113ff8baf9e54b99f75de9d
JPM,1d,1546405200,1790740800,1947,341594bc52a5b16bc950453eaa0974a9228b36e205c94a4cee1eb19f1238739a
JXN,1d,1632110400,1790740800,1263,cea4f61a38b97666ba5fb3700d2b603c74e97ffe28c7a224b33ed7c7cec08879
JZXN,1d,1621310400,1790740800,1349,a23f35e718db4116c4dd41e6f10e2c4e1574ff3700fe3587e879f6e76aacecc3
KC,1d,1588910400,1790740800,1607,5f21efe83ef3fe0ad68c710805408ff705c1002ff69a579c13aada4d2ab3fab1
KDP,1d,1546405200,1790740800,1938,7a549e229f13c392c8d4de6908f29bb032536dafcbebabd6eec3e0ca6af989b4
KEEL,1d,1624248000,1790740800,1326,ee8e2d55bc9899786a3a264562fe01908d839d77bb0847c93ceaef5d96e5f863
KEY,1d,1546405200,1790740800,1938,2f462fe1a579dee224abf7ab2b11ca33c47427f8c73524fdbef2d1df9a1a3a56
KEYS,1d,1546405200,1790740800,1938,83763595b2424f64b8891338b5d5a813e6b752132fd4b19ceb996ead96568b2a
KHC,1d,1546405200,1790740800,1938,d594b02f54209e17b5958dc469a90f98377799f93661d59ff71cdb116f357bc3
KIDZ,1d,1743998400,1790740800,373,3002e527f94c26e3fa284199a44470a2dc7456f074f6bb579edd1ed65b83a387
KIM,1d,1546405200,1790740800,1938,dee0716629741cc12baf9f67370171fd27f6ad8eef62d733118f7a194a111e08
KKR,1d,1546405200,1790740800,1938,decd58b75127d774115a606134188845a6b780bc730622698d50e42dfef37e1a
KLAC,1d,1546405200,1790740800,1947,1259733c09a5d877d454ea949d4b3d498a70f8da8ce00fdc74c01b751d37de46
KMB,1d,1546405200,1790740800,1938,48377c8ddf58d1eabf78ac314579d2c3a13a048e15f239eeda288808702fe4f1
KMI,1d,1546405200,1790740800,1938,9d558ad0f9022f09e84f1b76be44afd03359253b3d59e47592c462a959395f89
KMX,1d,1546405200,1790740800,1938,a900195188d7bf7ae648d0cd2bade4228a62f022c36c46ea17c704184c93ceaa
KO,1d,1546405200,1790740800,1947,4901b9aae0c84f1726897263127c1417e73c81a4b66997c1f48edd75b3ebe15f
KOLD,1d,1546405200,1790740800,1938,cebf8a992696bb62e91fed6e0eb74e61bedde32e0ed015bf7623231a2ed25e26
KOPN,1d,1546405200,1790740800,1938,baa6fa5e20196231a51d08478d36feab30ff111d3c32864c87ca144821bd61f4
KR,1d,1546405200,1790740800,1938,bbc62c3b66b44206ca49b0d2eabf16cac6ae6bb1c5d3043c93e7f0af253d5f9c
KRMN,1d,1739422800,1790740800,409,ead43023ca3cccfd233269fd45864479e22d7ba7fec122fc813919b0eec8240e
KTTAW,1d,1631678400,1789444800,1244,320245e204143e2e8bca1367800c94d6892d8dacf6a96507e2b8d272f4f69350
KURA,1d,1546405200,1790740800,1938,dc9977e595947519ee4eabdaa4a82a9477f5942f683ec4aff0f839bf58853f26
KVUE,1d,1683172800,1790740800,855,836d9b2655df31cd7ae069996df85b565ade4dff216d88cef0655e3779dbcaf7
KVYO,1d,1695182400,1790740800,760,2ffb54ddcf2e6b6986d69f5b2c04ecdec3fac49a489a08262e04c6c2e07477a8
KYTX,1d,1707368400,1790740800,663,940a9d0fa213ad1599feb309a242d394628cf389e1aa0bee75d8b09f291e0b4f
L,1d,1546405200,1790740800,1938,958546443dbc6895707d09fd6f73445fe968d06d55dda6db3b359315113fb058
LAC,1d,1546405200,1790740800,1947,7bed2479af32c1f2167d315f0a32c63200208ec1601c4550040f8bf9faaa1b12
LDOS,1d,1546405200,1790740800,1938,9fb2e8e99bb2e72af03e400d0ea5ae3d44a6e2bce9e4e98d86512c85ed1c14ec
LEN,1d,1546405200,1790740800,1938,dbc50a1051726b92b3f5cd8fc9e6015606ef0854f965325f076f0f4af62b3c03
LEU,1d,1546405200,1790740800,1947,43c7aaf2eba90b860315648afa4183e326ec92b9a44969964a878eeeca672ef5
LGHL,1d,1592366400,1790740800,1580,6fec2f10b9678a3ca575bda7884a6685e6714a28cc2898f2b2280f3780a49d9d
LGPS,1d,1742875200,1790740800,382,88cd066621436f9856960e0a599fbf2b13435dd0fdecf3e1981b48fabde16037
LH,1d,1546405200,1790740800,1938,d745bbda9826019cf183688e97c80ef50f32b4d7ac2e3b9702fc2125791325ba
LHSW,1d,1743652800,1790740800,375,1d926adb381330f0c18555c97f4a7c24689a91c63729bebfd7aa28391e852cf4
LHX,1d,1546405200,1790740800,1938,80df4077640b6e916d194b0dbc1c409abd6636d7f4b63f43ec2a1f1f52bc1375
LIDRW,1d,1609909200,1786593600,1407,65eb5a44d8707f4e52587f6b73c8a86f1436bbddc869ac3f3a50fc8364b92d28
LIMN,1d,1746072000,1790740800,356,1601e8813a8ea0d067b93f892cc8a8b0f20aac722983f899aca67344dbf9e178
LIN,1d,1546405200,1790740800,1947,9fd89518e20a97feaf93dd3abbaa828680dc7a5248d79704d8e41b05ced44f61
LKQ,1d,1546405200,1790740800,1938,880af0123db24529d887caafadaf627b7a13adf8d762b7f20ca9956c48e6a1d1
LLY,1d,1546405200,1790740800,1947,fd5ac4e81de106b8508bc05ff5746ce1c5c8b984338ee27dea1cf00b78bf7145
LMT,1d,1546405200,1790740800,1947,cb9b45cb40435edf42b93d187b971f4ddd9f6fe67815601fdfa46f7f79199359
LNT,1d,1546405200,1790740800,1938,b5cfb97ee095c5c24b5a0906bc616fd95df6e686f8793e3a383499f2431ad292
LOW,1d,1546405200,1790740800,1947,761393f4f1d286de95082af11a6d8d546d4ee6f3801b0fa3c68c8a9116e98d54
LPTH,1d,1546405200,1790740800,1938,bc1d6f077943ffba7771bec6b6641558e5fca8517d1f15f3d4b4626b00b92691
LQDA,1d,1546405200,1790740800,1938,f59b40685b215ec9c41a8644c6bfdb0b1f5b05ad0a839a123dea098ae6ccf9c2
LRCX,1d,1546405200,1790740800,1947,b915bb10ad226774f14f2a9da9362d9aedbd89a059d1e180b1890afdb7c5e478
LRMR,1d,1546405200,1790740800,1947,c45bbb54e95ad301089190432c1376eb09827dd0d756ba6aa916d8661b81346f
LUCY,1d,1660536000,1790740800,1036,1d83e69590c986b31579ffe3d434d29f31c6144f5ec22d5b80057f07c08b7518
LUCYW,1d,1660536000,1790740800,1022,ad2fba4a577468831f8f6615bdabd95fa4b60b0a16405c256e9e91356d91c28a
LULU,1d,1546405200,1790740800,1938,11d868d941fc08fe276762075cb60f115926c7b3e0ddb0d8617eb3e4dd05e69c
LUV,1d,1546405200,1790740800,1938,53c6161e59e6c674c8d9510d52476511afd4bcd5561a214f872112da5da52dd8
LVS,1d,1546405200,1790740800,1938,5a0b326d3d686d3b06797f9b67735bfdb94ef087d6306f55c84365e103c458b2
LW,1d,1546405200,1790740800,1938,d7c664fbc590c67913c98fc25657effbcd4bfc29c09dbcb61dbfc70be0cc7fb5
LWLG,1d,1630468800,1790740800,1275,3082e0f87f574c156765b5f27e791eec5df157281971bb04af4566938b3bc04d
LYB,1d,1546405200,1790740800,1938,947c2889bb0d6b11ed708841b36a8f68e2c555b9ce211842ed687568fae8301d
LYG,1d,1546405200,1790740800,1938,6d51c6af13ab3b2a87fe59708bf764ce752aa9f20187b4ee96bd4b9ce6b57583
LYRA,1d,1588305600,1773633600,1475,ce696b3a183b9a8374d5b2f65d3a04d1db62da1eacf21f4e687ab48fb9e4d575
LYV,1d,1546405200,1790740800,1938,e76b91e9122c53fd9325157125c323e6afe2b9d16ca380eda3f5803faf5413a9
LZ,1d,1625025600,1790740800,1319,cf98ba193db23cbb40d65c2f3509a757f6dbd5909fce49ac24412e54ccd61718
MA,1d,1546405200,1790740800,1947,05d43fc7ae6e46a00e4298af939b4af5482f4fba20005d4420628ba897e975a6
MAA,1d,1546405200,1790740800,1938,c7bb26279b8a1d6b18389618b9076985dec83996d1c3cbff38187912bb607cec
MAR,1d,1546405200,1790740800,1947,33ed97a47a3e26e2ab9f9015c7397a6e00348abb642e4da1f324a67c24d0f42c
MARA,1d,1546405200,1790740800,1947,065d417bb940de9494f078d2d44fd6b3ce32d9a91fb1076800b10d4e782c9f09
MAS,1d,1546405200,1790740800,1938,5727a2b5b94c7e2ecb793ddb17eb2336a0c1effcfde97d9b8c7941dda12d47cc
MAT,1d,1546405200,1790740800,1938,1a28ae98255f42ab16d76f3a684cb40b46ae86a29752f9b0b80d752386e014db
MBGL,1d,1782878400,1790740800,64,6e8fb21bbc01441dee0fe00492ac753571636909bc9b75d29a6f446145ef392a
MCD,1d,1546405200,1790740800,1947,08177b44db4c6b7bd5f54c2edd4bf120665b080671481be1ca76df3489fcaade
MCHP,1d,1546405200,1790740800,1947,8e6f6433248b4ae78bb6df0e02e8b32b5331bf8a2a07742190c7dff22c8ba57b
MCK,1d,1546405200,1790740800,1947,00b9f36d55d75a9b130daa2e8d5e7f85024fc22c8b959a341b29e71da489d99e
MCO,1d,1546405200,1790740800,1938,625dfa6911f335132196470b627ad9e8531cc032e37e82d9d46b3fa5b09cd5d6
MDA,1d,1773288000,1790740800,140,cc4417890a5c88637d3e121589cc7bae3d801c48e4dffd769ed2cd68be24be18
MDB,1d,1546405200,1790740800,1947,d737c04ad82c9838e46fbb70be6a95e587a79c9204a0da13d6589f966e39c749
MDCXW,1d,1731560400,1790654400,449,b482e986ee726d3d10fd1117087f5f8ded3ce2796164c1f489413486a02d36a5
MDLZ,1d,1546405200,1790740800,1944,23f25dbaf016abab626e9b6d82f70d49ad668623ee144f2180201340db184aed
MDT,1d,1546405200,1790740800,1947,796073076c1c72950d057ac39f3371fbc4af7656814b5894f955e31a05b06993
MET,1d,1546405200,1790740800,1938,2aa59c434fd1d5268156c57eba47bbe2577df8d144c9c49a1b7422b86f0b9c1c
META,1d,1546405200,1790740800,1947,713992a2e1521b6136125c5e2cc3ed6fe93553668f32186d426f11ded8a56e50
MFP,1d,1782705600,1790740800,66,dc5275eeeccc92a5605df038f3d5a26bbbec1926424fda2e80add887a10419cc
MGM,1d,1546405200,1790740800,1938,b38246cfbf4968dd2486b389b44af3e56310506d5decdcff11f126bc69bb0e8a
MHK,1d,1546405200,1790740800,1938,56a01efc94245356f7858c50a69f6c97e3f078b5d0417559a300e55768b21bf0
MIMI,1d,1736485200,1790740800,432,78a0288012e089c7e7f9a0cad17f8340526ac3884048a69ad190073492a9460c
MKC,1d,1546405200,1790740800,1938,4b7f37bf243f901cc39e87d8b39497614c40c7073ee2b67313a7d4e39742a1c6
MKTX,1d,1546405200,1790740800,1938,6d7d9444f9fd4cc1952bea10c7d529983fd44448d645f0d2687fa6b0b9a2d34b
MLCO,1d,1546405200,1790740800,1938,1d390c5e19b645f5fcf22c675202dfef6d1bcc9164a32106fa29fc658fff9af8
MLM,1d,1546405200,1790740800,1938,f19ddd0e509e736cd803213d105a3877595c79cc1bef11dcc79cad76cf6f4862
MMED,1d,1772773200,1790740800,144,f5c4a61eaa36bbd2624b4188db7be28c4aca4deffe35cc6eff7c4c56b6e2978f
MMM,1d,1546405200,1790740800,1946,568d64750904a4e73cbc81ddd2e4ac9b6c98cfc11ea48d0b1b26c8518a68a6b0
MNST,1d,1546405200,1790740800,1947,35d5b9d0b8dbad87f8e683096ee1ca2fb87a0e6f5a17f356a4cd972c06673fd0
MO,1d,1546405200,1790740800,1938,e9df0b8202f8406abbd430be2d8f1e40f16724434344115f17315582a229f287
MOH,1d,1546405200,1790740800,1938,8e37b5b760b9dfd13a09c3de6b10377f8ac91f3686277dc33a6acd0c5b3509fc
MOS,1d,1546405200,1790740800,1938,29f16cc65ffe4648d20a9b3d0669b5aba14eff0d95a50e83f3e0ed21ba973751
MPC,1d,1546405200,1790740800,1947,8e6e56517d2607144f5b93d1f04f6c7e9ad6b46b15403a9b04f09c8d012a701c
MPWR,1d,1546405200,1790740800,1947,c04f61b91d5755b4a6b85a64e21f2ed13fffbc777155c62b1b309a004693c1ff
MRK,1d,1546405200,1790740800,1947,e1ac24cdb6caf26c8b4f374c55b269d6d075b4869db933bc17982ad9130fb281
MRNA,1d,1546405200,1790740800,1938,871781e620b0a0f9fb903d2a1879cab720dc7359e64170cef12076da622b7f2c
MRNOW,1d,1647230400,1790740800,1138,cfa05b4797803dcda9735600e13cb4cb690b3c53c818208ad9aa0172e51cf982
MRVI,1d,1605848400,1790740800,1470,e2d9b3404f9b7c818fa7b71edaf0dff0d0bded6143540208b7093caa7801e144
MRVL,1d,1546405200,1790740800,1947,2edd587142e319ac84d6971c4f50fb89c5f4f8d0009364673a7d3e54fe7ca64a
MS,1d,1546405200,1790740800,1947,7b07d1b38699b37452146874f6857036adbe8be51e495ca28d6743f4b6890b8d
MSCI,1d,1546405200,1790740800,1938,0edb26e51c8bd3eeead7b7a8fcceaabac6c135eeeaf9c79a55b43ac3fd40c4a3
MSFT,1d,1546405200,1790740800,1947,ea924fce1cf4a2f922b43fbeaeb45c38366a1263136ba88245a5cf44006e22bc
MSI,1d,1546405200,1790740800,1938,8828850c8bff1961186f0c04297f5c8dbf361a5b6c82318ec8aeb158505fb4cc
MT,1d,1546405200,1790740800,1938,0678d8e1cd3db32e1f2d46ade4affd7912c8d712bc40727e8f12de3c6425cfd3
MTB,1d,1546405200,1790740800,1938,2355317c6ebee8c48b7f8de475e60e252eff03eb97f0a193029cf069dc8d6b96
MTCH,1d,1546405200,1790740800,1938,4398591a62765e718a42c772baa890f5b5d45ea2965a3efb99452239c37f5af4
MTD,1d,1546405200,1790740800,1938,2da0550b8a35feb13fa6fda7ed09ccc7bcea9c5d9579e3c9bd6d89d495681050
MTNB,1d,1546405200,1790740800,1938,fbdc51b64f78df8a761a03feb8f18034bd935b13c4011f257cf418ea2c03051c
MU,1d,1546405200,1790740800,1947,9876ad35ff9cf0ed029c9d3dd73749a8ade243223bbec8937d5b9ae8f005e57a
MVO,1d,1546405200,1784865600,1900,0e8e45fe849071f943b216dfaad2c45f2267bb5a39b666203079de173cbc268c
MVSTW,1d,1553659200,1784692800,1840,5c105da2d7587a36a3facd8f927fa107e16ea2b1eed5268c3ab81f7abc5cf6ad
NAT,1d,1546405200,1790740800,1938,5ca818ae204a91efa6d6a5c145db0a8e69f8364682fe8b2057d6a13d047212b9
NB,1d,1679371200,1790740800,886,a66ae874cc91b2ba33754e06bc580ff7c665437ed3e162ee172e7e546a9c807d
NCLH,1d,1546405200,1790740800,1938,ea710515374eece435e2674b2c47eb41f9492c8108491b6b439732b65fce22ea
NDAQ,1d,1546405200,1790740800,1938,05032f7a59f7bdd12d86c246231b665d77f239d3eafea2b5efc0ed8d5ac4cf21
NDSN,1d,1546405200,1790740800,1938,020de6d37f5f27a36eaee10fdea460120f7c66b982b5ec64b3f8924f4dd5b70b
NEE,1d,1546405200,1790740800,1947,355250de63470c8cad50b5ae940277c22c3f957784ce5dcbcae2ee520784499b
NEM,1d,1546405200,1790740800,1947,d579215667040d7544734a69439e5c23d8f5d519d976cd7d7e924b64a8469a15
NFBK,1d,1546405200,1784520000,1896,b95541b0a4d5fd28d85c9b13de519705faeb3db33ad6bddef9689e60a4238b5b
NFLX,1d,1546405200,1790740800,1947,6db9b83bfe70beaf6edd38000d3093819694018fe297208ec0c6a471587367aa
NI,1d,1546405200,1790740800,1938,5a3813a2c2acb9c418b1edb41ac5bdac22245d22f7012f623ac5f939ed91214c
NIO,1d,1546405200,1790740800,1938,936c59dc1859f73d4470f4396d895782058e7c9aac88735ada296020032c43d5
NIVFW,1d,1647489600,1790740800,1123,07e553e0bf76211f5fef762462f3edd50718b11a1aaec2723e2af723ba3fd2fc
NKE,1d,1546405200,1790740800,1947,60389bab6815bce6896a2c163971461c6df7df306852dec31a74c63c95a4f934
NN,1d,1604293200,1790740800,1484,00dcad15f683c3d95483a56746575dd563889cce7b0b6148e80c87cde5482c02
NOC,1d,1546405200,1790740800,1938,59fe48fff303a2e5ca004a7f65db327eae5f3e9da9750e95efee0cb4022d65e9
NOG,1d,1546405200,1790740800,1938,953cb43856d6bd205b935ecd02076b023b19ca910f358400d0629e802f9687c8
NOK,1d,1546405200,1790740800,1947,3325bd9899aabe47524a4ad5a6e487400f544a3ef5ba460fcb550ea9f2b0f380
NOW,1d,1546405200,1790740800,1947,e778c946926feb142d08df2b318907856e9246ad60b8493bbb202036c74cc8cc
NRG,1d,1546405200,1790740800,1938,3b1a2200e09242400ad1cb47891e5839d141603befb22fbf738ed1f69d06cbc5
NRGV,1d,1616990400,1790740800,1384,021f8a658fae1b754b2e50458c8f15dbf25e47128c3ee404cb2398fa7bd7186d
NRIX,1d,1595563200,1790740800,1554,d135f92534191e84de8cdaac505f255d12150b90ca9673927a1c56ed9c5792ff
NRSNW,1d,1639026000,1790654400,1193,2e9a66cc4b67a68ef1812b1b0d09582d1a98f70d9fd24901eb6f53ee1a8fa7c8
NSA,1d,1546405200,1784606400,1897,3861e03b71d8218ad960f640f3d4f65531030f84a41888cd29e715371f0ea7f2
NSC,1d,1546405200,1790740800,1938,4f5b395621f45b9d5b284134ca9647085814e2c71554851a060310886739464f
NSP,1d,1546405200,1790740800,1938,bc7d70e089b240d513c0734b27e24e6b5a2c287fc50259df30c3081f3ba13216
NTAP,1d,1546405200,1790740800,1938,81fc719a6e7fa84a22e356d9afe7ca6f63e9956d4aa463e2c867855521579ecb
NTLA,1d,1546405200,1790740800,1938,ca3d57cd78305c48f10186205fba375c6602baad0ae0b5fd7dd60f62d4e40f24
NTRS,1d,1546405200,1790740800,1938,7e8bececf956e8b779a6882c7392552ce9b937f30bc68371063ff2e5a3955a48
NU,1d,1639026000,1790740800,1206,f02af96146e89fc74460f478aceff458c8b183902cb5613f8c447882cc1ae41a
NUAI,1d,1641445200,1790740800,1166,147c91d809b1ac776ab375d6fb50740476fbe531d83f33edd3596e4f20ec64e9
NUE,1d,1546405200,1790740800,1938,c8999e3df3da05dbede5ed043fa0405c93c2f61e01b76e14a023c56a295ba911
NUVL,1d,1627531200,1784001600,1244,caa4c207024eb90723eae6a6c56622342db059c0b15d66406247fabb78f98c89
NVCR,1d,1546405200,1790740800,1938,2e7c5c19538d1c7d29763d79c2f1ffc189bf87fd4fd94b0759cf04ef9e7cc77f
NVDA,1d,1546405200,1790740800,1947,285dbff8cb1bdb62b02abeac32c1f34782f9a356a768a8a335ac3d5ead563a8c
NVNIW,1d,1640754000,1790654400,1176,a1f2b2f91d56e3e3067a19067bc45229c59e24c09db5de8fe4bd594cac047bdf
NVR,1d,1546405200,1790740800,1938,f59c59fb81b4c51cba3231442ca32d22edca8c18aaecaf82a8d998b80af641c8
NVVE,1d,1588305600,1787025600,1582,42d933f7866e9ea53df014fdf78a84a981ef18e0f6667844fc4f5d8491c618c8
NWS,1d,1546405200,1790740800,1938,09716f5376e04ad69d37515847933e87d357dc646098690e89dc78eea6547003
NWSA,1d,1546405200,1790740800,1938,f312b91c04155c8cd8817ef75e24dea9251f92d5ed22ce9201b9b156f6ba085b
NXGLW,1d,1640149200,1790568000,1180,0478b5c7ed518210e8669f65b3d25067c71f109bfd0b3f4fe5ced9c4a7df5301
NXPI,1d,1546405200,1790740800,1947,091105f7bb07147f01d829c15205aea9579f6e3040e25440016c39720cc57ae0
NXT,1d,1675918800,1790740800,913,a0e1c6bd298eaa865e5fc72e33cbcab8ebedf9aa5efedf3b2dec92a77e879a33
O,1d,1546405200,1790740800,1938,06dbbaa29c8b846d7b9d0854f69a5fc528d03965b3b4073ba27b68f4c9a76030
OBE,1d,1546405200,1790740800,1486,fc3756007f77a1e53ea8c79c2fe5b7b9a96f1ecf8dbee167c220183a4bc5926d
ODFL,1d,1546405200,1790740800,1938,6b87f99590104fb76f4366334ad3fdf40f1c397d6a614b42af2619cde4e64959
OI,1d,1546405200,1790740800,1938,0a5b4d9c5c3b490a24e15bf5e653252c116361c7337f9d5fc103404fbaa77a5b
OIG,1d,1659326400,1790740800,280,70d7f70f35d965e37ed817e9829b88d2a233118613776e5e4d367d77c531d785
OKE,1d,1546405200,1790740800,1938,4db1c8f6343420154c7c31977a8586aba55c13d34d2f3c96c250d172e89d9a27
OKLO,1d,1625716800,1790740800,1314,53e6fc6b8dd0c01f1b7ef5d2f5744e5dda5477ee3c596ec2752d579a56597cd5
OKTA,1d,1546405200,1790740800,1947,70df46e61c10c773df0a747af44711a13d595fe88583c7b9507e4f53fbef44cc
OLPX,1d,1632974400,1783310400,1194,63eb1daf26b5798a71b4eb706609e95a4cc189093586ad9f495a5d8a445e1291
OMC,1d,1546405200,1790740800,1938,a04e8af92a27290dbbcfd5988ed9df972598959f974a6995f8f3bfe7c65ce418
ON,1d,1546405200,1790740800,1947,b106aaeaf134df6293503ab786a8d5bc1af56bf60cbba69fb40f5e421e93e9ff
ONDS,1d,1607058000,1790740800,1461,90ea55c0997aaac28498f47e7fab2f79ce83424cdc851cbf9a4b3b1f25e22141
ONFO,1d,1661486400,1790740800,1027,5175c9ec86c96aa495c6b1587f92e91bf417a75dd216685aa402afdf90d69120
ONFOW,1d,1661486400,1790740800,1027,a2fe2e74f22c2a38baac8149c127b988b3bdaed4b3af81e3eff095d7834c5538
ONON,1d,1631678400,1790740800,1266,30aa78b39da95d5df20326bb1616601ac1d96efd36a9fd5abcbd17273493b314
OPEN,1d,1592452800,1790740800,1579,73241ed2f671e7e6079a63634a8495c5ec81bd91280765499c65f4a9e16c6c1d
OPRT,1d,1569470400,1790740800,1762,915f65e07e0effa1173f54b11289326860494c6ede30a5c2b50b454e61f9fc85
ORCL,1d,1546405200,1790740800,1947,2c7217040cadd5264a12dc0cce81f9db884ba91ea8dcfc87ade9232371e11935
ORGN,1d,1624593600,1782878400,1259,b4b49c42491f7fe86a0c59d7133292406b357f28eb2e174a147d392972da3162
ORLY,1d,1546405200,1790740800,1947,3e7e2a43f7ff1088a3d119131edf4c0e0e888dfd59aaf4512aa03c90578aeb3d
OTIS,1d,1585886400,1790740800,1631,ebbfa117fcc3f748cb042f3c780064eb1acd2fabdc8d1a735a8c62743ec217fb
OUST,1d,1602216000,1790740800,1500,9158376dad5798f586afa62914f94de70ac9f5616203ab5a8663fecf5715ac70
OXBRW,1d,1546405200,1790654400,1921,939ae191ff4ddd969b6b4e58166dfab246bfd9e18c3513b1b488d3fbff2753e7
OXY,1d,1546405200,1790740800,1938,158007dbc034125308aaa9d14af97b5ed4f742521647db5d1ca8f5b9ac63cd51
PANW,1d,1546405200,1790740800,1947,15c207ec4a04cfa750e3dc746521ef69f39e65f6948aa22cb41273d78cb879c9
PARA,1d,1613106000,1790740800,1414,5bd62d41ee7d5ebcc18d766f579acbd4e684a41f722363d9f2fa218e3eb6e996
PATH,1d,1618977600,1790740800,1368,c0f3270fb06499edbe104dbae76118d898d44db30962adf7e06b7afce68db2d0
PAYC,1d,1546405200,1790740800,1938,cf4f6485a4c2103f63d69566aebfd9152b7d47a3ad6e1cb9261c5f9fbc2e8e4b
PAYX,1d,1546405200,1790740800,1938,89130f05da12b41c441f0095aceaabc2527cce339c96d5daeb8d42c015753fcf
PBF,1d,1546405200,1790740800,1938,acb72bef7c7267a59c8373494424055828031800b9840b1102ad8ff4946e51b6
PCAR,1d,1546405200,1790740800,1938,e3ab3d3f4037caadf5ec79b3a4568f5072e2a29f3e800302d042a597b2f193e4
PCG,1d,1546405200,1790740800,1938,50001dfaf8e8f71a366a5cdd845cb0b7a507cb49f0874813cd2b1dfa4fc739e7
PCT,1d,1594699200,1790740800,1562,333e2e437514dc7bb3755068e42fc5da2ada930fcf8425727114e845cc968e70
PD,1d,1554955200,1790740800,1878,37c2cefd97c3368eb39f531544558840215787e20f2a9a80b7175a831d5fe0c0
PEG,1d,1546405200,1790740800,1938,b34f81f00d2b6227d5784c2df12a94834d404eecce4beacddf0caf6944204bf4
PEP,1d,1546405200,1790740800,1947,d6fca978b667bd62f2376aea4da3b1a794b5773f6450a8e31b5c089db3bfb9ab
PFE,1d,1546405200,1790740800,1947,a474a94041c294b9f284164d99dfe5a6354cc18e98d63f42a4385665191c72c0
PFG,1d,1546405200,1790740800,1938,d1c2413ab7e32cf570e2f425a7fbc9c1792daad54ce7e5171ae685f2edf02aae
PG,1d,1546405200,1790740800,1947,e4bb3b5447e803b0fd634fce1f240205028e119c73e62c520c9f52d40f8d530c
PGR,1d,1546405200,1790740800,1947,c925ab5ec4db5c84cf8096e02c91b5cb73c8e92a36d411f360249b06a853ab68
PH,1d,1546405200,1790740800,1938,81f13deb0aec73131174fcbe07867d48ad625598445cff080ff89eb5381ffb0e
PHAT,1d,1571976000,1790740800,1741,a96e1534fd4810d64e9f48f11001b00e1fa716aba696b6d01f24f6ee403dfa67
PHM,1d,1546405200,1790740800,1938,8d12cea0f26e9d80d0ced487f26120135697a661dfe9a4e64ef7736447acdc63
PKG,1d,1546405200,1790740800,1938,c818b4e26df946ed3f356814bfd6a5a92fa1633c8d2d2b56bb1b8e13c6c2dbd1
PLBL,1d,1722312000,1790740800,545,0841512654ff6e136b1e9149ee71a8bc1f2d69fbac99d778259f5d4f9cb203cd
PLD,1d,1546405200,1790740800,1947,f86c7607d916932782e744ca421e3f6cd2a637b5dc5d7d9867a649b3121ce196
PLSM,1d,1768971600,1790740800,175,060eb7e34a2f3c1319473ac2ed1feddf7951e099d64e25698703836425c17bfe
PLTK,1d,1610686800,1790740800,1433,639cad66543734bd83556ea043e3ea09ace485109d5285cadbde2825eb4f9546
PLTR,1d,1601438400,1790740800,1507,18fd83c8275bfa4565f94e1592545ceaf963566b4ca1531224adfdb58230d1e8
PM,1d,1546405200,1790740800,1947,fcc50d97f246b8028db4bdecc35f5f2047e6bab0748f05787c1690f0749f54d5
PNC,1d,1546405200,1790740800,1938,89bacbfcd03a7657dc2cdf1f943cc0e45144b23842e79fe8bee4a4c1bc54f34a
PNR,1d,1546405200,1790740800,1938,a2c3125373902d3260d43edc06dee0aa1ad4bad535fc3dad0a473263c09fb229
PNW,1d,1546405200,1790740800,1938,2a6c8b0675f0abdbeacbf7fbcb7cafdee9c2b8b7ca239acb49fbba49a8209795
PODD,1d,1546405200,1790740800,1938,c42e17242ca968e14d9eb453fe8881808db1c0422a17d2fb5b54201c460d7c32
POOL,1d,1546405200,1790740800,1938,7d2bfd5c1c812dee2d9b541c6a64865c91e2d7b5399b4076e791bd9c9610c8f9
PPG,1d,1546405200,1790740800,1938,31990727d8a43b843f035b685338246e7fb8e5e2b7916b7698ccc060a53bd022
PPL,1d,1546405200,1790740800,1938,8ad0cff16797f5455be769de8eff28e021ec1e46f410b2eaa6d681980eecdd8b
PRA,1d,1546405200,1782360000,1880,f078e5e8c03a84d9695f4eb342ce3a13bfb941f3ce88c44b53bc720153f37682
PRCH,1d,1578891600,1790740800,1688,7a4671cc1ff5f504185527bd1e03d462f8cfd280e2baa743de625a60fe36bb07
PRCT,1d,1631678400,1790740800,1266,a03de77a4019f0220b4ca67c55e4b987f67d8577e9924fcd92e226407d519178
PRME,1d,1546405200,1790740800,1157,ef98ae412a9de9befd1cb07959262c579f0e10a4c2cea3e3914870b8f9e73b68
PRU,1d,1546405200,1790740800,1938,2b433be7160f0fee04dbabc030771d1f2575048dc95495ce125b946bcadb96a0
PSA,1d,1546405200,1790740800,1938,72695dabe4c0d5cca610651d95df2adfb9a74e8dde0c97365cf636729bfe1a1e
PSKY,1d,1754539200,1790740800,289,217f8700b22b5a85ba8d3918ebc8882e4b3cfcf1748445aeae1ff4e5be4f02c5
PSNL,1d,1561003200,1790740800,1830,10b27d3fa51d01359cfdf4e059be25f164ceaf1493bbce12757c74494c2805de
PSX,1d,1546405200,1790740800,1938,a129b28d32cbf5444245de9bb57d25225f3178e2500912af5d4dbc5ba3e29530
PTC,1d,1546405200,1790740800,1938,68d65b10bc284c21075f69cd725c3636e772765d96d879139c5e9e4f73250813
PTCT,1d,1546405200,1790740800,1938,fb822f492873e141aaa8e5ebd3d3b35b6decb4fe39208ff63d0e97ca6e6cb58f
PWR,1d,1546405200,1790740800,1947,f31bcd1b09dc9f9ea4b31196bf974869fa53cfad1e66d512c763421180684735
PYPL,1d,1546405200,1790740800,1947,437af13714259e4877585f26b9052c11251f147d2686012e3b359a6531c2ddea
QBTS,1d,1607662800,1790740800,1456,196667dadc84ecc8c3fc8e5ffdc0d5fb58dca30a8a6dcf01a853f09a5c2ca5fc
QCOM,1d,1546405200,1790740800,1947,e06fbad879767bac3ec75c76db6a5d7febd3e1652b6ff220041f622086fe53f5
QDEL,1d,1546405200,1790740800,1938,3b7c51608524ae71504d32af3d17d39619f623def6de28fad61ea5ebaba34eee
QFIN,1d,1546405200,1790740800,1938,a447e29aa041b8be7cd6ada14e91e54efc2aa7cb33c1dcc95dd61c5f457c98c7
QNT,1d,1780545600,1790740800,82,3ef9ae90eb8e4555585595c6f4260a607380137375b0616a7c96270052d0c59c
QRVO,1d,1546405200,1790740800,1938,42573b4d57ad0a966929c0cdfa423d8011a11ed978371eadb3129e9b79635191
QS,1d,1597636800,1790740800,1538,8470ded9475556c028198c2cb5c0317a7d5931c0d9ea3ea5dd99c3a006940d6d
QSEAR,1d,1747022400,1790740800,332,7b710f62de2be0686afc4e6b307d07e4d5e76dd390468a694d7fadf8e7f8ff82
QTEXW,1d,1626235200,1784088000,1256,951c4aee7a5da4cfeeea1b35b7763def14780fa7b63c4fdc911a04e281749dbe
QTTB,1d,1546405200,1790740800,1947,2d1a2f051bfd3e5fb81e9557ba028333cbee47e0747478a52a1180aaf129d6d9
QUBT,1d,1626321600,1790740800,1309,b77637fd9ec0dd69f448de4ac30dde9f71d37f412a7114aafbd0064500d2b108
QXO,1d,1546405200,1790740800,1947,f602ebf823717eeff29424667670cc3908f920d8f5e21c0a7335ed1d7ed07ed4
RCKT,1d,1546405200,1790740800,1938,29ef95e99dce602ce215bd11f152dcea049536faa9a45fba0b73707e360c3834
RCKTW,1d,1677474000,1788321600,883,4bd78137ddee4925d53dea947916c1ee407b263ee4c6ca47ef28cfd235543193
RCL,1d,1546405200,1790740800,1947,f8aef823273d9706cfa9bd768d7406571c8022150ae4f0b500ef390fa51b358c
RDACR,1d,1733115600,1790740800,422,c75618d3015ad30553d0c625c173c35c6ca19e218d64b654659a88677a5b0d4c
RDY,1d,1546405200,1790740800,1938,c16558ec06d3116df7ce901687fe4f321aa24279480f313a04f98d699edae0de
REG,1d,1546405200,1790740800,1938,b2d7ba7e02e8f8b1c16f1ae10103dbeef53a82598000f48602c92c0c43a15c9e
REGN,1d,1546405200,1790740800,1938,b6ebe275217b000ab898ade5e261613bac1eb979ea6003ed1771efb56a84d5db
REPL,1d,1546405200,1790740800,1947,2ba77edca06c12420e1bcae7f1ca1ec0ca1f9f3c77be2873957edad087198f6a
REZI,1d,1546405200,1790740800,1938,953823e94ec321f7ed1ad9fb7718027458e47173432185477bed4791bdccea71
RF,1d,1546405200,1790740800,1938,34f2fe07b9266130b331baee2a89b6c9b69276f2bf375167e17df20faba58a13
RGNX,1d,1546405200,1790740800,1938,19501f7ef1dfc051fbd447425151a923ef347b94d752905e05b095cb01012b79
RGTI,1d,1619064000,1790740800,1367,163981b0021a50b0750713cdb93bd0d2a2e9072cd83d612906837a6e6cabb275
RHI,1d,1546405200,1790740800,1938,2b6a6abede5bd49f1274910513e6e7ed0a41fb14d830c4f8e709ad6183ccc7ac
RIG,1d,1546405200,1790740800,1947,f56e8f4a74049fdd0c8c2a417e4390b07992787124d159ce3abb7d0f0eb6b645
RIVN,1d,1636520400,1790740800,1226,f2d223a117976c51b1f8e8653dccdbe1c0a940f4a8693458c6be4a8c4d72119f
RJF,1d,1546405200,1790740800,1938,08fc108826bcb71cbcefc9b7d722c5fe5a88608f8bfb75582a9a4681f580422a
RKT,1d,1596686400,1790740800,1545,170a0787750f8fce872f3fc012555de385299ccca4922a28ec1cd4cf1262aa23
RKTO,1d,1550206800,1790740800,1916,abf4b6d58e02a6d01461916752ab2af326a7cbe772b392462c005d8b7b04cfa6
RL,1d,1546405200,1790740800,1938,b6f3dbd6ce374a81e1947ee9c24ef6523a0f704a0839c5e5be3518f54f122e48
RLAY,1d,1594872000,1790740800,1560,f62b12fa08bf9f6ee0a43670a03e2ae93b42349b646c2cf2400a75d456156225
RMBS,1d,1546405200,1790740800,1947,3c6da156c59ae610690928895d8a9952523ecb2c0cd7d842732f72bec113e0b5
RMD,1d,1546405200,1790740800,1938,12be92d8f707bd01c7ca1bfdf728887247523ac38928ae434dd5179e618f61a3
RNWWW,1d,1612155600,1787284800,1396,1b4438e16d540c58de1f401d6248dc7343fa1dcb19f65b2f37acff9f4c5332a8
ROK,1d,1546405200,1790740800,1938,2f72616426264b32662a7e5b5dc97d0244f44104e6cab5f3d256b0bed6bd4cc8
ROL,1d,1546405200,1790740800,1938,febf30654cdcb3e0c54d2304cd9b63f7687897904084ce3ecd9f8d2cf72f1862
ROP,1d,1546405200,1790740800,1938,e148b3f4ae39f8f06c7698a4d8a1f93c8b5a0bc953b208e2e5082a177a88eaf4
ROST,1d,1546405200,1790740800,1947,c0b553d93daac8af3ab282f45be51ed87c126470c99c7594b5d9f3976d6dd71a
RPD,1d,1546405200,1790740800,1938,ee0f80e1f882429e35accaad0eb03a6b071386b57571e13eef1be25d9480b900
RSG,1d,1546405200,1790740800,1938,5fd23653ac693387ea5d6d95b20cdfff91b171c5a57b0b697d502b8ea2fd111e
RSVRW,1d,1609995600,1785124800,1393,491c78cb625c06e60dc976136c4acaeef93d6d9fa5379bcd80549e13f310a29d
RTX,1d,1546405200,1790740800,1947,dcd6bba5e445b99e94abe9eacdecb93b526dbbf74c26e785a26db7a45775e9f7
RVSNW,1d,1648699200,1790654400,1117,da949ee3e063205e88be070bc00983e5e387e805da99ab4cfd2a782985961fa1
RVTY,1d,1546405200,1790740800,1938,4fc94ef522890432acc224442973648a71e9ea6f313d90226c4165519a037255
RXRX,1d,1618545600,1790740800,1371,2c4decb1975c37bff452940f100c8ab38944cac2f0fee77ab3420093e456193f
RXT,1d,1596600000,1790740800,1546,7c6a04b6a235dcf704dc7d57413626a615b9a9d255b14bb36050f1cb74eb502f
RZLT,1d,1604898000,1790740800,1479,4bcdeae75afc869fcca52d5e1573c1a9397652a09855556e3648e6ed2dfa33f1
S,1d,1625025600,1790740800,1319,47e1a7edf475ec037ccdf052f7eaa15917d6371f2714f755ca11fc1edd5e7f99
SABSW,1d,1612846800,1790740800,1416,bff2cc818d09f428fcdaaabacddeaf89106ee5727db45c0287602fbfcf128ee6
SAIHW,1d,1624852800,1789617600,1298,e90e5176df14373e203542dad008bf764cf27987044490a12d2aa239078e93d3
SAIL,1d,1546405200,1790740800,1321,337067e85b2a9edf7cffac6dd316cded97dfc33286ddfe676727bd80f30c5520
SBAC,1d,1546405200,1790740800,1938,497b4ce0541be14442cb542bc8bc8d0ea5747696da1897fe4dfeaabab08a1e2f
SBEV,1d,1623384000,1787284800,1305,db0d07bc805a0a8c7ad5eb70e138eb5f8b0441beeef79f349b2990425b2e6860
SBH,1d,1546405200,1790740800,1938,c2128b7ce86c03a2d5190d40f980260f9b97c9e7d6841d7ba2db950f2ce6e30b
SBUX,1d,1546405200,1790740800,1947,9b9937fc83f622b692da81f56e93c1046bbc89eaed83acbe724784b5be3d54b5
SCHW,1d,1546405200,1790740800,1947,ba0ff08dfe4d74863fe4e09ea1414330abbfa4cce8b16019819e7bbe0a2b0364
SCO,1d,1546405200,1790740800,1938,f30cce29e23360f519e9c86bc7c01de9b24a53eb118920a17a300aa0819ad22e
SDM,1d,1746158400,1758859200,102,2d9bfbc80ef40047b312f31e21d1a693c03e27f8becf04363e887d56d7500dde
SDOT,1d,1581570000,1790740800,1666,13282bd612831f9e1ae35f30a5a0c123f0afeb9c97c14eb28c7f048e5c04e0a6
SECZ,1d,1746158400,1790740800,355,28b893e966214adefb4af1d939ad462e3fc2b044692ac057f9ca699c247b6726
SEI,1d,1546405200,1790740800,1947,b796d27be35658a50b2d4c923567e3f196da143a09ee11b7e7ee471da1836600
SEM,1d,1546405200,1782792000,1883,18b154fe2d7f11c7e3587e42b3f1da1065983bb80019dc8bdecd9818043080b2
SHAK,1d,1546405200,1790740800,1938,89eac775599175f43bdfe2bce481670be09c97ea6e097fc3a31bb574a55ddb67
SHAZ,1d,1771390800,1790740800,156,64da4a0c027d3b6a4645f5e51c1de0b6c20dd578877813910fb7f215877182be
SHMD,1d,1639371600,1790740800,1204,4fce80ab54fd9234c3bcc8a9579f0bd28f10fc40a8263aefaff630ca710ff5b9
SHW,1d,1546405200,1790740800,1947,8ff74d382194a8b41292cbdee932f87992f27df6038b3984d5db6c116a001db9
SILA,1d,1718251200,1782792000,512,68f38e8c30996854a86848dbf29a808af0d3ba7ab852fd9499aa553cfed5d1bb
SJM,1d,1546405200,1790740800,1938,2e49846fe4093a9760f399e4cdf8d06d3f5ccf75b9835d595315b78a08f9e042
SKHY,1d,1783656000,1790740800,58,57c2be7cc37eace743feaf44bc85d5247bae16a9042d0d73896cbfb8d9eeb7eb
SKIN,1d,1606194000,1790740800,1468,e8428b317693441ab2851f4f66f1012d7c0f46a4467d220ec179ec3e97b31d6f
SKYQ,1d,1728532800,1790740800,494,bc280177d1cbbf13355618e43d76ccaefff12be803c87167c5d1f16ce5cd5632
SLB,1d,1546405200,1790740800,1947,5b15cae728b1ffa4257e4fdc742594b0aa05d8c56bc422936c02ec1bdb09c972
SLDB,1d,1546405200,1790740800,1947,89615f6d620e1b50c0f704e1730b3bf4f2df9427a2bdec4a7fb8e24cee1e4fda
SLS,1d,1546405200,1790740800,1938,cf5397bb60aecd5a86af45d558ba301b2f9fd7ba3d2d9e93843d51985f376175
SM,1d,1546405200,1790740800,1938,6f1e1687d8cca75a6d13787a7e41adb9f769a83181d1778939e2d0590f116fd7
SMCI,1d,1578978000,1790740800,1687,480494e73499892a9b4daf4f18e6897571415ec4e444d9a454b68a3d22fd4edd
SMPL,1d,1546405200,1790740800,1938,8fa4b7a3d960a10887d073e903913bb39f74123636353b514ea1cbff6dfcbe5e
SMR,1d,1607490000,1790740800,1458,f729910ef6d0abc506ea3048f6cc5c984ea4a952c09b607575b816af2001dcd0
SMWB,1d,1620792000,1790740800,1353,9cef4a2d1e46c2bd78eb9bdad98d393c9a4a1fb8afebbaad877c3c58a0d0d6ba
SNA,1d,1546405200,1790740800,1938,0b97e53c360a69af6c9a15668e7f98b029c964202e18a8784411097da599e438
SNAL,1d,1668056400,1790740800,974,6777b0e16013f09cc4c707fe038f5ac42d28460e35325c80781f2f0181a85d61
SNAP,1d,1546405200,1790740800,1947,9b60c5b849e4f69d15baaf886dfaa138de71c3baa0ad3fc17947ad77094e2b76
SNDK,1d,1739422800,1790740800,409,f3d8c7348d4657eccd39d44722ca163e158121d801fdd5a0f277e24814795151
SNOW,1d,1600228800,1790740800,1517,b1b843f9b1530c97c2a68c1e97aad49c05e4e2474b281b1c8199f7dafc444790
SNPS,1d,1546405200,1790740800,1947,a7bad975bd8cf32bb87faa5bee5bec659a8dfc4d8fdcc25c4c32dd492c563162
SO,1d,1546405200,1790740800,1938,0a45a1aced1e24672a6d1d476bd05c68e529c3e125b964ad263ca2819bac0ca9
SOBR,1d,1652673600,1789444800,1087,ea9ec5673b10f318562b51c970a13d9ca046b639a5e5227ea3b3c4b9ef482310
SOC,1d,1618891200,1790740800,1369,7ca45db96f9e4aa22488ad097f4d2d4da90140d7644268ba34c001ee6bb3603d
SOFI,1d,1606712400,1790740800,1465,30a7218d281e4e96004fd9f851ab7a771b015481698fa98c3ef764db69ab6e81
SOLV,1d,1711944000,1790740800,628,5c3f02b058042e0b4fcd20108f971fc54b323e2bc339b8d6d08c8848ed9c7f8d
SOUN,1d,1651118400,1790740800,1110,50d90847584f16147d16a06e6deeb1cc25584e688fba7e27b437d699a537b7ef
SPCX,1d,1781236800,1790740800,76,1ed740303db92b69476d4f7cada0a59fd54863f0005d60317a80aa4b077d07cd
SPG,1d,1546405200,1790740800,1938,779db20a265bb91f892cd05b87e998e620cb929dc3647a44bd9431dc287d8cdb
SPGI,1d,1546405200,1790740800,1947,3dca6c70769ee7507c1b7ba199d9740dfcc55885f01d18f4ac4c7a883396a303
SPIR,1d,1604379600,1790740800,1483,266ecd5dcb599048ed928111bdd0305fa2002d43003141afa58debbfdb3acff1
SRE,1d,1546405200,1790740800,1938,c04780ab122e74814813803d6b1da14dc310d3ff82ace37059e0ccf361f06dac
SRPT,1d,1546405200,1790740800,1947,2317b091c0d127e6b925efc0cc00e9501a7c5b6bdce732e54e973431640b8bf9
SRXH,1d,1624939200,1790740800,1320,7dbbcc25cac86b0309d7fc8e8b89e0cddb29730b9f54a0c3cc47e56507926a62
SRZNW,1d,1628740800,1786075200,1252,1cf41c55c6bee73641bd0695b1bdb3f53b12aef5edf71085e9e4ad015d78e603
SSKN,1d,1546405200,1771390800,1792,9359f5e31ce6b69a924547c1087d6c60a9b96120c682fb204b385d08667c6f37
STE,1d,1546405200,1790740800,1938,72303af56213a7317363144b51166d89c8eb12c83baa512e0b9db27a2e17473f
STLA,1d,1546405200,1790740800,1938,97b79a733122161167e6c3a4ea463bce40bddac7a91232fbcf73e0aa7f3aefdb
STLD,1d,1546405200,1790740800,1938,28e22e23ae0d59092acd17afbc51ac4752bc7b6545c684be8985d84d86e70ad6
STT,1d,1546405200,1790740800,1938,9548f19e7533b0a35a2752a51ddeef438d581089e1e4b6540f7b5f18346d3e73
STTK,1d,1602216000,1790740800,1500,c5a2150513675e88f41e2858b7eeea74edabde2ded9d6e80dd2e2e905a85fb7a
STX,1d,1546405200,1790740800,1947,fc88a10bcd0c750200d04da0fa91b05212b3f98197c35a000c9a962f0d9febce
STZ,1d,1546405200,1790740800,1938,82c07f79bd485e6c0dee5545eed436bf766e5c2403d15f54b30f79c81e90d602
SUGP,1d,1706072400,1790740800,674,6f4a251110911c5538b25ba646bcfc04b20b7de1af1631d6400658a76900d4a5
SUNE,1d,1546405200,1790740800,1947,b599ffcf6016e0b69c7629498725118abbdca2d113129329e8cecd6e97892676
SURG,1d,1635825600,1790740800,1232,02d24c5ff2776fa7b963d2a44028a406b3a38a1b7d95b05b54efac663556bd76
SWK,1d,1546405200,1790740800,1938,de2b9d3689a436415cbfa1fe08bb1b0fb79adbc48a823004e78fb8122c434deb
SWKS,1d,1546405200,1790740800,1938,0c020731adfa136a7692fb30b41d87efe26955e6070e9f2b62da08089f5d2cae
SYF,1d,1546405200,1790740800,1938,ec1ebc193bad6dc349677d46231a369e0977029b1f2aa1f45a076b6a8e0b665f
SYK,1d,1546405200,1790740800,1947,833af59990c3f7f2fe786f859874401714cd18f3d7909bbe5c76430eb6853596
SYY,1d,1546405200,1790740800,1938,ce39ce3732310fc03b6073236bc950b7fa4d02d62d4d5fe492a4609c1427f88c
T,1d,1546405200,1790740800,1947,8c76b9411b80ee28d2bbda09d767832e21a64e7d955c6e365227bae0dac36619
TALO,1d,1546405200,1790740800,1947,f89f2b1bc65a6d1fd117e9652c4b1dc3a68ae0993f7d9badd368d8bba58a2e34
TAP,1d,1546405200,1790740800,1938,2c412acfd665325964eda8259e0355cd7964ff696de2f2605606013920391d0b
TARS,1d,1602820800,1790740800,1495,12f1491996535aba0aca84ec9a54d78631ae8c94cbbfef5d3bfb955729bcf722
TBRG,1d,1546405200,1783483200,720,3b374f8a4771bd798e6b7c21ce979112dae0d84dd1e06ee8e2647db1e91f45fa
TC,1d,1546405200,1790740800,1938,171d79b0df9a3d4e0da8baa26f1cd15aa72a39a35e09f192d276855106c7d993
TCBK,1d,1546405200,1790740800,1938,fee2fc0cbcd94c06491efc4f3433300a07c69b5510c307b3eab92f7f3e42809b
TDG,1d,1546405200,1790740800,1938,b7679cf635e682d52328c0ab42cce08ea31252319e69971ccc0995cbd0d66224
TDIC,1d,1753243200,1790740800,300,b9ee0894c14880977629451f4d50816c9c133ebcd75ed17da19e2c729e566f56
TDY,1d,1546405200,1790740800,1938,59e9a358a1c12e54d6cc6c969bca4947f71149f123e14597c129894c077a7f8c
TE,1d,1578632400,1790740800,1689,464285e0c34f1c02aac5cd89b35267c39e5e124bb6c7e425b3549ea05498d78c
TEAM,1d,1546405200,1790740800,1947,ceed1eb3578d0cc036c228b94e26a8705cacea4ffd21c4fb54cc154c16a19713
TECH,1d,1546405200,1790740800,1938,394f1c72f730fb618fd3768439ae9baca2848e62c516f64b3392fe76050669c5
TEL,1d,1546405200,1790740800,1938,21f8b86def9cfe39432c34c36ae31e3acedb51414ef5f8f904b16fb2503ac392
TEM,1d,1718337600,1790740800,575,1953ab11bba1418f91e28bef4afcbcff6e5d8727dfd322a848bbfe016ca99ccf
TENX,1d,1546405200,1790740800,1947,3c619438d057f5faf0d17f13c81e8a59e908d6c7591281f3eef77584bdce35fe
TER,1d,1546405200,1790740800,1947,80f63f6d4f235d24c09f72790557030299ffedd75a7ba0a105493d916a0d36b8
TFC,1d,1546405200,1790740800,1938,ea43c25036c4999d65cf9f7db13e541ec01a69e848894730c9d609b3daef8b55
TFX,1d,1546405200,1790740800,1938,ca5a80aaed6101fd7b5838bab2de1aa81171604fb9f4f8d63b21035a6540a998
TGB,1d,1546405200,1790740800,1947,22b4bfc1387be15b2917f69f7cb030cf965e7de7ffe4e905f7324ccec8c6aa95
TGT,1d,1546405200,1790740800,1938,b4e3a51d60c523e63a3666b72fcdc251cbe47684f229cd43067f381b10a8a8b0
TJX,1d,1546405200,1790740800,1947,18f1679dcc3b3bc16baf692c144a3bf2d6083829c069950b56bad2763e9d9e87
TMDX,1d,1556769600,1790740800,1864,40b53fdde52292e4313ba3c920dbf1d185f32b0581d278ad99c4b9cb4381e7ed
TMO,1d,1546405200,1790740800,1947,fbcd2095d735bf3a9578f07e0949d59b9bacc51015b71211bdfc888556ddc916
TMUS,1d,1546405200,1790740800,1947,64aebd05a502ac9081e35757536e4af577fe659da8205a315e8a2cfeca9568d1
TNDM,1d,1546405200,1790740800,1938,3477161d354b99f129d023e379e2104119252c1eae769d58197577faf032f0f6
TNGX,1d,1599105600,1790740800,1525,4b709cb15a869f85238bb4d0c3b7970ded675493ed43a58bc7a7cef7fae97ecb
TOI,1d,1591243200,1785729600,1548,860943f43010339e554d7d23808dfa05b6f0f963f0b85fa3d54c1322d8222271
TPR,1d,1546405200,1790740800,1938,33d7653aec387eff8e7f7606c3b52d993b92b06d4abed45b9619acc19139cacf
TRAX,1d,1775448000,1790740800,124,9b69b11e6ec63af2133fb094309f53f77d74097959aa0f125fa35ec6420378f5
TRGP,1d,1546405200,1790740800,1938,5fdb784e1d052bf2ed9c26a2d5fa76eb465afebe2b3b57d496a74329cac98fdd
TRI,1d,1546405200,1790740800,1947,f457f26755f219db5a761c347bd8b53be4e454f418061b3700a3be14a970cee6
TRIP,1d,1546405200,1790740800,1938,03498729d478de11eaf86dccf24cabc185aa564bb0fdc88c31814d261e024ab0
TRMB,1d,1546405200,1790740800,1938,07d90ce451648a8714f6776ca39bda90f50063e4dd628cb15690068f2470e142
TROW,1d,1546405200,1790740800,1938,84e1c9a324659d50599e26d08881fbca32ee8b069d32b7a83a51ab819a017f88
TRV,1d,1546405200,1790740800,1947,370426889ea3507a3734d2902806a20a9bb48ebd5f009fbbd6e11301348725b5
TRVI,1d,1557201600,1790740800,1861,9870e2379ff37d1b08aee0ee9cf804155b863844202ec1787e1e472408a786e2
TSCO,1d,1546405200,1790740800,1938,6ac294edf250bfce22838abebc2b21aa8d39620b59eef4d94e9ae77690b1fc49
TSHA,1d,1600920000,1790740800,1511,d231e7323b848349da31d7c9e83f59a0b8d9e0ea39747e60ab856e5141b72a72
TSLA,1d,1546405200,1790740800,1947,f28a6c9ba5936039177255a7019c904ad76dfcc26aaff73819a13ca60f7ef6ac
TSM,1d,1546405200,1790740800,1947,ea1b9a29266ed3de54b8e848b1da4ef3c28066a3701926cb6d805a77cd55d352
TSN,1d,1546405200,1790740800,1938,9d2cc45fc53764e2280d01522eca426e90028e4c60b65b62bf7ed7242c67e62a
TT,1d,1546405200,1790740800,1947,45ad8291607e2114f3cd416d4767644a70e0aba26ff13319456285c2cc97690c
TTWO,1d,1546405200,1790740800,1938,19642bbc9a7581ff0b8e6400c9c9655ba0ee6bab1acb96d06adbacc60a4a5fd2
TVRD,1d,1546405200,1790740800,1947,5db9aac403db4bd1c8184c5186511d687067c29a8c4b95cbebbb127d324ccd53
TXN,1d,1546405200,1790740800,1947,cdd77eb28b972945de2118c7b22f8508de8c339aec5d495436aeeefe0d243ca9
TXT,1d,1546405200,1790740800,1938,0be1445cc54b075e260ac093f52e0170d004ee8008f0a4339e74afc995e53d64
TYL,1d,1546405200,1790740800,1938,28e7426c16bfde943cd217d154b781cf1eaf74110791306b35702a894c9e1260
UAL,1d,1546405200,1790740800,1942,2abcc4867723c579c2f0809e83911af6c45ca39b651d822a9957925adb6d3d2d
UBER,1d,1557460800,1790740800,1858,447ba5d7aef12a95b69b62f174d40135a82db1fa58a0e167ac48adecd20c68a8
UCO,1d,1546405200,1790740800,1938,8c5f5028024abb88e8159eb962c06120e73d788121a7b452c8b902f06c6cdf73
UDR,1d,1546405200,1790740800,1938,9e5b1d401149401f52280db1dfd6dc57f908aead3c1e83182f82fb02c483336a
UHS,1d,1546405200,1790740800,1938,40774e5fba91c5b0a4e43e9f17a623157c4a9837286e6e1eb5b6b652acd57526
ULCC,1d,1617249600,1790740800,1381,a50c6d66cf6a82349de76aeeda6c02df7d0a3c269a6c17cb4b4592341523a047
ULTA,1d,1546405200,1790740800,1938,49e079728367b89c606403c382cfc1aa147ef4e5961931cf1b4bc5abed60f2fe
UMAC,1d,1707886800,1790740800,659,e826bf12772737600cfcfbcbf4d86ed168563e543606486bfb09d21b91a27900
UMC,1d,1546405200,1790740800,1947,db0ea09d687aa61c492df62f11681f5dbdae719c4cacad68bf0b51b977c1dd70
UNH,1d,1546405200,1790740800,1947,c0a496d8c6239ebf63db520677aeb87cd4fb80640d15e886b7460cb3da6a40d3
UNP,1d,1546405200,1790740800,1947,cdeaed645baea5c0407d5e55ef7eed002d62c5d03a37b141a0343839a3d60566
UPBD,1d,1546405200,1790740800,1938,b2df9650fb98e75ad41e113c3bc5ebbc29ebcfbbec5d148491e81b9f83525aa2
UPS,1d,1546405200,1790740800,1938,04362b6e56262988617e3a906fdade3312eeb796b13c1a49b69843a4ae7b6470
UPWK,1d,1546405200,1790740800,1938,8d0d7a6ce493fe77b4adc8cf30d6db250ad68d128b864772321495b4d9797a31
URI,1d,1546405200,1790740800,1938,32e13194166e68ad19af2952290d1b88b861222ef85deb387dee51a20537041c
USB,1d,1546405200,1790740800,1938,2808fca977231e015a48f843632b4f8721310f9a2aacf22b3739f70316ac7703
USDEW,1d,1782446400,1790740800,67,465284f620c7067f1686d5bbd74c41c192aa7a64efda610eaacc7006ce80db24
USO,1d,1546405200,1790740800,1947,0f994293237a75ec2851c7c08de60b06265fab4c04b67e93b2e2a969421bb032
UVIX,1d,1648612800,1790740800,1130,5797d1ae3f80d1c4954d78d5d25a3685c3fdd2a3bbfb419389dbe0067d7795fc
V,1d,1546405200,1790740800,1947,215b5a47600105591a2c4999180f56eaa3cd06437fd93cfcd652a6a685153138
VALE,1d,1546405200,1790740800,1947,b8716fb4c17c449d42a4edac51741cc7e452bb77f4b82e38d2746b08574cb820
VEEAW,1d,1620273600,1790740800,1345,4f545314d8f5e02b330c041dfa89cce5f72ca7c8ae1d7847c448be36ff352380
VEEE,1d,1626840000,1790740800,1305,4723ab783e1a68ac2b3c76d07ebe05b1cdcdd35e11a17d1abe2423c0ed2fe99d
VELO,1d,1755576000,1790740800,281,bb6394ebf445f716665c95c54c2d172f26e89979e8a3aab1905ab7da666611a7
VFL,1d,1546405200,1783656000,1890,41fc1d7d4b09003b66d52717cbcac998cce8cc4232ac324086fa27f3f154fada
VG,1d,1546405200,1790740800,1317,638016a3aa994378f71dd1815dd732d2de227b816d5e272ba3df20d90fc244b4
VICI,1d,1546405200,1790740800,1938,ac50f65177f87d374f16a985ada4c7ebda5aa784996523cb246526c331921486
VIVO,1d,1546405200,1790740800,1938,2baf3b22968b57fc9484f23a57d71db63e3cc3e187a017abaf44416c61fc9f3f
VKTX,1d,1546405200,1790740800,1938,c0b27cfe9f0abfb75f9332d1ab2ecd48b3aaa1dd5507b2b9a24b5f57c39e12b6
VLO,1d,1546405200,1790740800,1947,5cc95688f2ba55986f8a466851499a1a982d63015954fb3ff24026380e3ea1f2
VLTO,1d,1696219200,1790740800,752,72f72fe90948e7aa8061cdd05a0743a9afe34aaa8b50fd8e924caa73d268abd6
VMC,1d,1546405200,1790740800,1938,89e70e63a4de11fb0570f235d3ef7031cc0d4b6f141e8b91f8b451395ba7954e
VOD,1d,1546405200,1790740800,1938,bc1434e990c1ebe9316ec6df1641147b518a908971bc03a84b1fb9bac50d2960
VRAX,1d,1658376000,1790740800,1053,eb6eaadc85d8a1561df3573d311f9f313d868e67078c4f9bdd5fc7889991aae5
VRRM,1d,1546405200,1790740800,1938,a2970a32d9dc57f1e97891b59e650643b4d308bf4187252a99e4fcb1b5848e80
VRSK,1d,1546405200,1790740800,1938,0d085dec74361f9e46e3a8e2683d55c4f2a677d6c672bfd78b9ad0359ff5418f
VRSN,1d,1546405200,1790740800,1938,8a104926cef878f9c8a8a89a15cbf024ea64193559f0bb36ca0e41893c46dce6
VRTX,1d,1546405200,1790740800,1947,bb23f1da71fccd2fd63db62deef0a2e58cb0f6d6a541dcabb7d75b99222d6bb0
VSAT,1d,1546405200,1790740800,1947,05bba847ccef10ebffaf0df6e07359ee0efdd16c87d2ae7ab7ef18b8d0787169
VSH,1d,1546405200,1790740800,1938,f5977b09ca3ecc84894c517e4542bc123e36dd983ef8f052738d89ceddfa2491
VST,1d,1546405200,1790740800,1947,dfc193d9981d902f9627c8fa4485d2ee80993a2d55d767ddb3345a1149befcb4
VTAK,1d,1546405200,1790740800,1947,97102ef5b4babbacc5a884e96a98ce12770c0bf8f2f7bef957fcd1cb4b29f6b8
VTR,1d,1546405200,1790740800,1938,7ea933fd71649f5740a8f59b473723459e44c6a4b6ecd2d5ee21ce925e3e1367
VTRS,1d,1605157200,1790740800,1476,2bdbf99637fa9977c9a3485e9c35cff399b67ce1ac35f02dca3b6295fafa62d4
VZ,1d,1546405200,1790740800,1947,f95a6534f3bfe8ad26d890e98e7d8cfc1b2cd775fb8e12e8e0bbd7a61dec4f23
WAB,1d,1546405200,1790740800,1938,f83b5c677e2816df03af855d67cee7f77f9b554dd5e5749df80deb0d600fedf6
WAT,1d,1546405200,1790740800,1938,3a0ccc81d6489205253174d844834c889dd370c6496fce8fba94fcf46e355675
WBD,1d,1649044800,1790740800,1127,c7164f75937b7cd50aca6f3184d5380271dba4e366761aa2831b1cf5cb81ff21
WDAY,1d,1546405200,1790740800,1947,ae58ae1e21508764984a399deb61f818d2d7a390080016dc592fc9f6df626605
WDC,1d,1546405200,1790740800,1947,9ae02dfb32330f7c5c8ee9c97733e493022625ed5af6c367012ed79ad5c705fe
WDFC,1d,1546405200,1790740800,1947,2a89a9a000cff307fba0d58e6d846fd1a719687144ff9da2ea447fd0343e701b
WEAV,1d,1636606800,1790740800,1225,4051335c6310a6ff2ce54a1a2d1de3cca8a7564e764211db42d054f2669983d5
WEC,1d,1546405200,1790740800,1938,58ad1825b57467311185e5721ff8f93a3a5626ec8d777b342465282d21a928e3
WELL,1d,1546405200,1790740800,1947,124ace241d85e6c871c7dd6ec4a00281d0d9bea7345681f41dd1f95cdd07d254
WFC,1d,1546405200,1790740800,1947,d4b16df80eced902be0261a341013028f3c21cdbcdd8c8039afe47696af02eb2
WGSWW,1d,1603944000,1784606400,1436,d3a70532ef3bf748009baad763d34b024f85b8009210a79568a2de402cd13310
WHR,1d,1546405200,1790740800,1947,b24709d10ee35b591b3b15ac0b16169da0b49d74e7bbc1596f298912d1f70e25
WLDSW,1d,1663041600,1790049600,992,c20f0dbe52627157c2b8b8f3e1c702b39e97e2f7e1e3fa6e858d47fad9919f4a
WM,1d,1546405200,1790740800,1938,1509977011ada57f7e7ca8089d69f5bd851a06d0bbe8cbd4a73ca8e001c57368
WMB,1d,1546405200,1790740800,1938,e9b1b928c7b087301b676d6dba6e18de2f29689f31605a29ca646f1f40ec42c8
WMT,1d,1546405200,1790740800,1947,b4254293a213b3f18689a173c799e0377b9dd6da657fbb16a202878969d0ecab
WOLF,1d,1546405200,1790740800,1947,21a64e48759ad3722cb1f567ec221dcc20015a935232a80d04f12da90b1e5038
WRAP,1d,1546405200,1790740800,1938,43490f571117da5cce8cfe0ed249b3e6efe39c5054ce13f693ade01003c9113f
WRB,1d,1546405200,1790740800,1938,065d048209293a8b3a7ccb383cd7194f85a7efb8de4739878617f1d0288f7e05
WSR,1d,1546405200,1783915200,1891,f3d2ef24ca91406d235bed1b2f3c50bd66d2148dbfee4335d20577db358c2fd6
WST,1d,1546405200,1790740800,1938,3ac014a12b0e19a24797c00cac56659df7854761c6396e02eb6346fd604c6aa2
WTI,1d,1546405200,1790740800,1938,b21afad3d86010709855d7e757d32e49fc2b44967af82b5ac55716c361f3b31f
WTW,1d,1546405200,1790740800,1938,fa301818083cb7eafc2cac3ca2e2f85b0c32383fe998f07bf0b7d2c6fae1ea1e
WULF,1d,1546405200,1790740800,1947,711e96b3dd54e768ecaf10b88ed5b69e97e4495cb3de51c7c938a9ec476ceb06
WY,1d,1546405200,1790740800,1938,48b186761e1e54c423a3649e7c74f62b754e40e9ecc22766449668039f1aba43
WYNN,1d,1546405200,1790740800,1938,4783deb287e4c38b7e02396b7519e27941984dfeae4dc23d6e1130824d5e7bb9
XEL,1d,1546405200,1790740800,1938,e8409e6b3da600633d4e2525492d583a72677a9d061e940f91c0cec26c14291b
XOM,1d,1546405200,1790740800,1947,2a1cac695214aae5fd78e46268120865cc8fac974cb03fedc3fd4ce67d05c09a
XOMA,1d,1546405200,1783915200,1891,5ab863d7946a534e9fc35df96c10e86869dc86918a41fa4e6cab7975691d0a26
XPRO,1d,1546405200,1790740800,1938,45519a31927c6e510617186e3e1cccaf5359efb470312266f2a07b2b514220d8
XYL,1d,1546405200,1790740800,1938,d0d772c8acd9b6c40e8aa8866a6b986ec40dfe2397030ca208d2bcf8a05a67d0
YHC,1d,1691640000,1790740800,788,c0be321064e293d0806a453b85fb2bff3c037b543fcd52acf2af06ea465d650f
YRD,1d,1546405200,1790740800,1938,531228eec28f4b054d24b27688ad788cf424d3c2a05bcd2e7b7c10acc432afdd
YUM,1d,1546405200,1790740800,1938,b2220ef5a71a62efd9c03055c7ad5b6d247647653134f7cb297fc6dd248bc750
ZBAO,1d,1712030400,1790740800,627,2eeae9f3550b43395997b650b17bcfe9dd464a2e0c0ca7ff61b83feddf05203c
ZBH,1d,1546405200,1790740800,1938,fc0d8112a2cfeaebed4198db3a11805c829e55c3ece4f9d7014b722b52be3c74
ZBRA,1d,1546405200,1790740800,1938,fa2c2fe9fb4a04de7db8bc5b0466970c6578bdab2c14c1b94fe7471683c702be
ZCMD,1d,1582520400,1790740800,1660,12956ff9b09be06bd543e6c7aec32fea9da671271a2aea44f9d0ee699146dcff
ZNTL,1d,1585886400,1790740800,1631,9ba12af1f657190a4ac942f1d47172cc12175780ca9a17a3c919321880a09c33
ZS,1d,1546405200,1790740800,1947,e09a3a50d2eef9d57ed3e8c08eb5ee46702887efcdb715208ed266a1452f5dc2
ZSL,1d,1546405200,1790740800,1947,7b0767160248e4df0594da65ba8116a9b6de700f00f2425162f90438528b69af
ZTS,1d,1546405200,1790740800,1938,a7e660d0e3953f53a5468c35f5b4238688b626947b19dbf98a1bb038e5b2cc81
ZURA,1d,1679371200,1790740800,886,078190aa04c5ff92b54273e11d1510316eeffe04284010c96e5d059995c1df86
