11,A
13,ABNB
15,ACGL
19,ADM
20,ADP
22,AEE
24,AES
25,AFL
26,AIG
27,AIZ
28,AJG
29,AKAM
30,ALB
31,ALGN
32,ALL
33,ALLE
35,AMCR
36,AME
38,AMP
39,AMT
43,AON
44,AOS
45,APA
46,APD
48,APTV
49,ARE
50,ATO
51,AVB
53,AVY
54,AWK
55,AXON
60,BALL
61,BAX
62,BBWI
63,BBY
64,BDX
65,BEN
66,BF.B
67,BG
68,BIIB
71,BKR
72,BLDR
75,BR
77,BRO
79,BX
80,BXP
82,CAG
83,CAH
84,CARR
86,CB
87,CBOE
88,CBRE
89,CCI
92,CDW
93,CE
95,CF
96,CFG
97,CHD
98,CHRW
99,CHTR
100,CI
101,CINF
102,CL
103,CLX
108,CMS
109,CNC
110,CNP
112,COO
114,COR
116,CPAY
117,CPB
118,CPRT
119,CPT
120,CRL
124,CSGP
125,CSX
126,CTAS
129,CTSH
130,CTVA
133,CZR
134,D
137,DD
139,DECK
141,DG
142,DGX
143,DHI
146,DLR
147,DLTR
148,DOC
149,DOV
150,DOW
151,DPZ
152,DRI
153,DTE
154,DUK
155,DVA
156,DVN
157,DXCM
158,EA
159,EBAY
160,ECL
161,ED
162,EFX
163,EG
164,EIX
165,EL
167,EMN
168,EMR
169,ENPH
170,EOG
171,EPAM
173,EQR
174,EQT
175,ES
176,ESS
178,ETR
179,EVRG
180,EW
181,EXC
182,EXPD
183,EXPE
184,EXR
186,FANG
187,FAST
189,FDS
191,FE
192,FFIV
194,FICO
195,FIS
196,FITB
197,FMC
198,FOX
199,FOXA
200,FRT
203,FTV
204,GD
205,GDDY
207,GEHC
208,GEN
211,GIS
212,GL
215,GNRC
218,GPC
219,GPN
220,GRMN
222,GWW
223,HAL
224,HAS
225,HBAN
229,HIG
230,HII
235,HPQ
236,HRL
237,HSIC
238,HST
239,HSY
240,HUBB
241,HUM
245,IDXX
246,IEX
247,IFF
248,INCY
250,INVH
251,IP
253,IQV
254,IR
255,IRM
257,IT
258,ITW
259,IVZ
260,J
261,JBHT
262,JBL
264,JKHY
269,KDP
270,KEY
271,KEYS
272,KHC
273,KIM
274,KKR
276,KMB
277,KMI
278,KMX
280,KR
281,KVUE
282,L
283,LDOS
284,LEN
285,LH
286,LHX
288,LKQ
291,LNT
294,LULU
295,LUV
296,LVS
297,LW
298,LYB
299,LYV
301,MAA
302,MAR
303,MAS
307,MCO
308,MDLZ
310,MET
312,MGM
313,MHK
314,MKC
315,MKTX
316,MLM
318,MMM
319,MNST
320,MO
321,MOH
322,MOS
323,MPC
326,MRNA
329,MSCI
331,MSI
332,MTB
333,MTCH
334,MTD
336,NCLH
337,NDAQ
338,NDSN
342,NI
344,NOC
346,NRG
347,NSC
348,NTAP
349,NTRS
350,NUE
351,NVR
352,NWS
353,NWSA
355,O
356,ODFL
357,OKE
358,OMC
362,OTIS
363,OXY
366,PAYC
367,PAYX
368,PCAR
369,PCG
370,PEG
373,PFG
377,PHM
378,PKG
379,PLD
381,PNC
382,PNR
383,PNW
384,PODD
385,POOL
386,PPG
387,PPL
388,PRU
389,PSA
390,PSX
391,PTC
395,QRVO
397,REG
399,RF
400,RJF
401,RL
402,RMD
403,ROK
404,ROL
405,ROP
407,RSG
409,RVTY
410,SBAC
414,SJM
417,SNA
419,SO
420,SOLV
421,SPG
423,SRE
424,STE
425,STLD
426,STT
428,STZ
429,SWK
430,SWKS
431,SYF
433,SYY
435,TAP
436,TDG
437,TDY
438,TECH
439,TEL
441,TFC
442,TFX
443,TGT
447,TPR
448,TRGP
449,TRMB
450,TROW
451,TRV
452,TSCO
453,TSN
457,TXT
458,TYL
461,UDR
462,UHS
463,ULTA
466,UPS
467,URI
468,USB
470,VICI
472,VLTO
473,VMC
474,VRSK
475,VRSN
478,VTR
479,VTRS
481,WAB
482,WAT
484,WBD
486,WEC
489,WM
490,WMB
492,WRB
493,WST
494,WTW
495,WY
496,WYNN
497,XEL
499,XYL
500,YUM
501,ZBH
502,ZBRA
503,ZTS
521,PSKY
522,BNY
611,XOMA
615,TEM
616,JBLU
617,UCO
619,CLF
620,BATL
621,LUCY
623,SCO
624,ARWR
626,ONON
627,SNDU
629,CROX
630,KIDZ
631,TSLG
632,ETSY
633,CAVA
634,SOUN
635,ITUB
636,QS
637,TCBK
638,CAKE
640,FCEL
641,BKD
644,PBF
646,LABD
647,JXN
648,SHAZ
649,S
650,FWONK
651,PSNL
652,SHAK
654,TE
655,LQDA
656,DRIP
657,TSDD
658,SSPC
659,GRAB
660,BNO
661,AMC
662,NIO
663,FBRX
664,MSTU
665,FRMI
666,TARS
667,ZBAO
668,VOD
670,BJDX
671,EOSE
673,RKTO
674,MT
675,SM
676,FBIN
677,MBGL
679,TSLQ
680,ACHR
681,RHI
683,ANF
684,MSTZ
685,INFQ
686,KOLD
687,CRSP
688,REZI
689,RXT
690,IBRX
691,BTCZ
692,AGQ
693,CNMD
694,AAP
695,BBAI
696,TMDX
697,QNT
698,KEEL
699,MUZ
700,FBL
701,SKIN
702,SURG
703,FRSH
704,BBD
705,MSFU
706,DINO
708,CCC
709,NTLA
710,GGAL
711,CVE
712,BTDR
713,LAC
714,WOLF
716,ALM
717,CONL
718,BEAM
719,BTG
720,UVIX
721,FTRK
722,BRZE
723,PTCT
725,VSH
726,BTE
728,NOG
729,AAOX
730,MVLL
731,AXGN
732,PLTU
733,SBEV
735,VKTX
736,IRE
737,SLS
739,RXRX
741,MFP
742,ALHC
743,KXIAY
744,SKYQ
747,LYG
749,STLA
750,PTIR
752,TECS
753,KRMN
754,QUBT
755,FRO
756,UMAC
757,LIMN
759,TNGX
760,TRAX
761,CMC
762,ESTC
763,EQPT
764,ASTX
765,SUGP
767,IONZ
768,SOC
769,FSLY
770,NSP
771,GLL
772,ANRO
773,CRGY
774,SRPT
775,BRAI
776,MDA
777,ELPW
778,BEX
779,SFTBY
780,GUSH
782,GLOB
783,CCHH
784,MAT
785,CNXC
787,SNK
789,ORCU
790,VRRM
791,GTLB
792,BRUN
793,ULCC
794,SAIL
795,AXTX
796,FUN
797,QFIN
798,RDY
799,PRCH
800,EWTX
802,CRK
803,EPAC
804,LITX
805,DLO
806,DHT
807,IONX
808,AMN
809,ABEV
810,RPD
811,OKLL
812,GLUE
814,NBIL
815,BIYA
816,ONFO
817,ROBN
819,CRCG
820,TRIP
821,FLY
822,IREZ
823,METD
825,NRIX
826,GENI
827,FIZZ
829,TSHA
830,KVYO
831,CVI
833,GTM
835,CBRG
836,HAO
837,BHVN
838,CRMG
839,FA
840,LPTH
841,WDCX
842,NVCR
843,NFXL
844,AEVA
845,CRCD
846,AARD
847,LGHL
848,TNDM
850,ADBG
851,JBIO
852,NVDQ
853,NVVE
854,SPCG
855,SNAL
857,NBIG
858,RGNX
859,LZ
860,NBIZ
861,CLOV
862,SNDG
863,TDIC
864,NN
865,PRCT
866,ALOY
867,PRME
869,JLHL
870,QDEL
871,TSLZ
872,ASAN
873,MMED
874,APPS
875,BEZ
876,RLAY
877,BETA
878,VELO
880,BBAR
881,UPBD
882,ASPI
883,RGTZ
885,CORD
886,FUBO
887,PHAT
888,GRRR
889,NAT
890,TRVI
892,SBH
893,NUAI
894,MLCO
895,SPCQ
896,IREX
897,TOI
898,OI
899,CRCA
900,XPRO
901,LOFF
902,WTI
903,EROC
904,SPIR
905,ARX
906,SMPL
907,UPWK
908,PD
909,KC
910,AMIX
911,CMBT
912,QBTX
913,NRGV
915,KURA
916,KYTX
917,INDI
918,APLX
920,IMSR
921,SSG
922,SPAX
923,GNW
925,ETHT
926,SIVEF
927,SECZ
928,PLBL
930,AMPG
931,CRE
932,BMNU
933,STTK
934,CDZI
935,ACDC
936,ABTC
937,SMWB
939,SMU
940,SUNE
941,RZLT
942,CCCC
944,CRWU
945,PLTK
946,DNA
947,DXC
949,CXM
950,GMM
951,WEAV
952,TVRD
953,EVH
955,LRMR
956,CATX
957,GLOO
958,AIIO
959,USOY
961,RCKT
962,ONDL
963,DGXX
964,BURU
965,LWLG
966,VRAX
967,NB
968,KOPN
969,ZNTL
970,OPRT
971,ZURA
972,GALT
973,HYLN
974,VIVO
975,DWSN
977,SHMD
978,BTQ
979,ELDN
980,INLF
981,EOSER
982,INV
983,CSAN
984,AGNT
985,FWDI
987,AACIW
988,ASTLW
989,BNBX
990,CELUW
991,DFSCW
992,FACWW
993,GIBOW
994,HDRNW
995,MIMI
996,MRNOW
997,MVSTW
998,NRSNW
999,QTEXW
1000,VLN.WS
1001,GGROW
1002,MTNB
1003,RQI.RT
1005,DAICW
1006,EVLVW
1007,FFAIW
1008,HSCSW
1009,JEM
1010,MDCXW
1011,NVA.WS
1012,OPFI.WS
1013,RVSNW
1014,CDIOW
1015,RDACR
1016,AENTW
1017,AFJK
1018,AFJKR
1019,BYRN
1020,FGIWW
1021,LASC
1023,RNWWW
1024,WGSWW
1025,WRAP
1026,LUCYW
1027,QSEAR
1028,APLMW
1030,BZFDW
1031,ERNAW
1032,ONFOW
1033,RSVRW
1034,SDOT
1035,SRZNW
1036,VEEAW
1037,ANSCW
1038,APMI
1039,BRKL
1040,CGTL
1041,CIR
1042,NVNIW
1043,OXBRW
1044,SABSW
1045,TEUP
1046,WLDSW
1047,BGLWW
1048,IVDAW
1049,ALAR
1050,BRLSW
1051,FXHO
1052,LIDRW
1054,PEW.WS
1055,SAIHW
1056,SRXH
1058,KTTAW
1059,NIVFW
1060,ACLZ
1061,AMPGR
1062,BNCWZ
1063,ELTX
1064,HUBCZ
1065,RCKTW
1066,TC
1067,UCTX
1068,USDEW
1069,YRD
